cas_number,compound_name,related_cas,source_sheet
100-00-5,パラ－ニトロクロロベンゼン,100-00-5,R8.4時点適用対象物質及び裾切値一覧
100-01-6,パラ－ニトロアニリン,100-01-6,R8.4時点適用対象物質及び裾切値一覧
100-02-7,パラ－ニトロフェノール,100-02-7,R8.4時点適用対象物質及び裾切値一覧
100-14-1,１－（クロロメチル）－４－ニトロベンゼン,100-14-1,R8.4時点適用対象物質及び裾切値一覧
100-17-4,パラ－メトキシニトロベンゼン,100-17-4,R8.4時点適用対象物質及び裾切値一覧
100-18-5,ジイソプロピルベンゼン,"25321-09-9,99-62-7,100-18-5",R8.4時点適用対象物質及び裾切値一覧
100-20-9,ベンゼン－１，４－ジカルボニル＝ジクロリド,100-20-9,R8.4時点適用対象物質及び裾切値一覧
100-21-0,テレフタル酸,100-21-0,R8.4時点適用対象物質及び裾切値一覧
100-36-7,Ｎ，Ｎ－ジエチルエチレンジアミン,100-36-7,R8.4時点適用対象物質及び裾切値一覧
100-37-8,２－（ジエチルアミノ）エタノール,100-37-8,R8.4時点適用対象物質及び裾切値一覧
100-39-0,臭化ベンジル,100-39-0,R8.4時点適用対象物質及び裾切値一覧
100-40-3,４－ビニル－１－シクロヘキセン,100-40-3,R8.4時点適用対象物質及び裾切値一覧
100-41-4,エチルベンゼン,100-41-4,R8.4時点適用対象物質及び裾切値一覧
100-42-5,スチレン,100-42-5,R8.4時点適用対象物質及び裾切値一覧
100-43-6,４－ビニルピリジン,100-43-6,R8.4時点適用対象物質及び裾切値一覧
100-44-7,塩化ベンジル,100-44-7,R8.4時点適用対象物質及び裾切値一覧
100-46-9,ベンジルアミン,100-46-9,R8.4時点適用対象物質及び裾切値一覧
100-47-0,ベンゾニトリル,100-47-0,R8.4時点適用対象物質及び裾切値一覧
100-51-6,ベンジルアルコール,100-51-6,R8.4時点適用対象物質及び裾切値一覧
100-52-7,ベンズアルデヒド,100-52-7,R8.4時点適用対象物質及び裾切値一覧
100-53-8,フェニルメタンチオール,100-53-8,R8.4時点適用対象物質及び裾切値一覧
100-54-9,３－シアノピリジン,100-54-9,R8.4時点適用対象物質及び裾切値一覧
100-61-8,Ｎ－メチルアニリン,100-61-8,R8.4時点適用対象物質及び裾切値一覧
100-63-0,フェニルヒドラジン,100-63-0,R8.4時点適用対象物質及び裾切値一覧
100-66-3,メトキシベンゼン（別名アニソール）,100-66-3,R8.4時点適用対象物質及び裾切値一覧
100-68-5,チオアニソール,100-68-5,R8.4時点適用対象物質及び裾切値一覧
100-69-6,２－ビニルピリジン,100-69-6,R8.4時点適用対象物質及び裾切値一覧
100-70-9,２－シアノピリジン,100-70-9,R8.4時点適用対象物質及び裾切値一覧
100-74-3,Ｎ－エチルモルホリン,100-74-3,R8.4時点適用対象物質及び裾切値一覧
100-75-4,Ｎ－ニトロソピペリジン,100-75-4,R8.4時点適用対象物質及び裾切値一覧
100-86-7,２－メチル－１－フェニルプロパン－２－オール,100-86-7,R8.4時点適用対象物質及び裾切値一覧
100-97-0,１，３，５，７－テトラアザトリシクロ［３．３．１．１３，７］デカン（別名ヘキサメチレンテトラミン）,100-97-0,R8.4時点適用対象物質及び裾切値一覧
10024-97-2,一酸化二窒素,10024-97-2,R8.4時点適用対象物質及び裾切値一覧
10025-67-9,一塩化硫黄,10025-67-9,R8.4時点適用対象物質及び裾切値一覧
10025-78-2,トリクロロシラン,10025-78-2,R8.4時点適用対象物質及び裾切値一覧
10025-87-3,塩化ホスホリル,10025-87-3,R8.4時点適用対象物質及び裾切値一覧
10026-04-7,テトラクロロシラン,10026-04-7,R8.4時点適用対象物質及び裾切値一覧
10026-13-8,五塩化りん,10026-13-8,R8.4時点適用対象物質及び裾切値一覧
10028-15-6,オゾン,10028-15-6,R8.4時点適用対象物質及び裾切値一覧
10034-81-8,過塩素酸のアンモニウム塩、カリウム塩、ナトリウム塩及びマグネシウム塩,"7790-98-9,7778-74-7,7601-89-0,10034-81-8",R8.4時点適用対象物質及び裾切値一覧
10034-93-2,硫酸ヒドラジン,10034-93-2,R8.4時点適用対象物質及び裾切値一覧
10035-10-6,臭化水素,10035-10-6,R8.4時点適用対象物質及び裾切値一覧
10039-54-0,硫酸ヒドロキシルアミン（別名硫酸ヒドロキシルアンモニウム）,10039-54-0,R8.4時点適用対象物質及び裾切値一覧
10042-76-9,硝酸ストロンチウム,10042-76-9,R8.4時点適用対象物質及び裾切値一覧
10043-35-3,ほう酸及びそのナトリウム塩,"10043-35-3,1330-43-4",R8.4時点適用対象物質及び裾切値一覧
10043-52-4,塩化カルシウム,10043-52-4,R8.4時点適用対象物質及び裾切値一覧
10049-04-4,二酸化塩素,10049-04-4,R8.4時点適用対象物質及び裾切値一覧
100784-20-1,メチル＝３－クロロ－５－（４，６－ジメトキシ－２－ピリミジニルカルバモイルスルファモイル）－１－メチルピラゾール－４－カルボキシラート（別名ハロスルフロンメチル）,100784-20-1,R8.4時点適用対象物質及び裾切値一覧
101-02-0,亜りん酸トリフェニル,101-02-0,R8.4時点適用対象物質及び裾切値一覧
101-05-3,４，６－ジクロロ－Ｎ－（２－クロロフェニル）－１，３，５－トリアジン－２－アミン,101-05-3,R8.4時点適用対象物質及び裾切値一覧
101-14-4,３，３’－ジクロロ－４，４’－ジアミノジフェニルメタン,101-14-4,R8.4時点適用対象物質及び裾切値一覧
101-21-3,イソプロピル＝３－クロロカルバニラート（別名クロルプロファム又はＩＰＣ）,101-21-3,R8.4時点適用対象物質及び裾切値一覧
101-25-7,３，７－ジニトロソ－１，３，５，７－テトラアザビシクロ［３．３．１］ノナン,101-25-7,R8.4時点適用対象物質及び裾切値一覧
101-27-9,Ｎ－（３－クロロフェニル）カルバミン酸４－クロロ－２－ブチニル,101-27-9,R8.4時点適用対象物質及び裾切値一覧
101-37-1,２，４，６－トリス（アリルオキシ）－１，３，５－トリアジン,101-37-1,R8.4時点適用対象物質及び裾切値一覧
101-43-9,メタクリル酸シクロヘキシル,101-43-9,R8.4時点適用対象物質及び裾切値一覧
101-54-2,４－アミノジフェニルアミン,101-54-2,R8.4時点適用対象物質及び裾切値一覧
101-61-1,４，４’－メチレンビス（Ｎ，Ｎ－ジメチルアニリン）,101-61-1,R8.4時点適用対象物質及び裾切値一覧
101-68-8,１，１’－メチレンビス（イソシアナトベンゼン）,"26447-40-5,101-68-8,5873-54-1",R8.4時点適用対象物質及び裾切値一覧
101-72-4,Ｎ－イソプロピル－Ｎ’－フェニル－パラ－フェニレンジアミン,101-72-4,R8.4時点適用対象物質及び裾切値一覧
101-77-9,４，４’－メチレンジアニリン,101-77-9,R8.4時点適用対象物質及び裾切値一覧
101-80-4,４，４’－ジアミノジフェニルエーテル,101-80-4,R8.4時点適用対象物質及び裾切値一覧
101-83-7,ジシクロヘキシルアミン,101-83-7,R8.4時点適用対象物質及び裾切値一覧
101-84-8,ジフェニルエーテル,101-84-8,R8.4時点適用対象物質及び裾切値一覧
101-86-0,２－ベンジリデンオクタナール,101-86-0,R8.4時点適用対象物質及び裾切値一覧
101-90-6,１，３－ビス［（２，３－エポキシプロピル）オキシ］ベンゼン,101-90-6,R8.4時点適用対象物質及び裾切値一覧
10102-43-9,一酸化窒素,10102-43-9,R8.4時点適用対象物質及び裾切値一覧
10102-44-0,二酸化窒素,10102-44-0,R8.4時点適用対象物質及び裾切値一覧
1011-73-0,ナトリウム＝２，４－ジニトロフェノラート,1011-73-0,R8.4時点適用対象物質及び裾切値一覧
10124-37-5,硝酸カルシウム,10124-37-5,R8.4時点適用対象物質及び裾切値一覧
1014-70-6,２，４－ビス（エチルアミノ）－６－メチルチオ－１，３，５－トリアジン（別名シメトリン）,1014-70-6,R8.4時点適用対象物質及び裾切値一覧
101463-69-8,１－［４－［２－クロロ－４－（トリフルオロメチル）フェノキシ］－２－フルオロフェニル］－３－（２，６－ジフルオロベンゾイル）尿素（別名フルフェノクスロン）,101463-69-8,R9.4追加等対象物質及び裾切値一覧
10192-29-7,塩素酸並びにそのアンモニウム塩、カリウム塩及びナトリウム塩,"7790-93-4,10192-29-7,3811-04-9,7775-09-9",R8.4時点適用対象物質及び裾切値一覧
10196-18-6,硝酸亜鉛（Ⅱ）及びその六水和物,"7779-88-6,10196-18-6",R8.4時点適用対象物質及び裾切値一覧
102-06-7,１，３－ジフェニルグアニジン,102-06-7,R8.4時点適用対象物質及び裾切値一覧
102-08-9,Ｎ，Ｎ’－ジフェニルチオ尿素,102-08-9,R8.4時点適用対象物質及び裾切値一覧
102-09-0,炭酸ジフェニル,102-09-0,R8.4時点適用対象物質及び裾切値一覧
102-27-2,Ｎ－エチル－メタ－トルイジン,102-27-2,R8.4時点適用対象物質及び裾切値一覧
102-36-3,イソシアン酸３，４－ジクロロフェニル,102-36-3,R8.4時点適用対象物質及び裾切値一覧
102-54-5,ジシクロペンタジエニル鉄,102-54-5,R8.4時点適用対象物質及び裾切値一覧
102-69-2,トリプロピルアミン,102-69-2,R8.4時点適用対象物質及び裾切値一覧
102-70-5,トリアリルアミン,102-70-5,R8.4時点適用対象物質及び裾切値一覧
102-71-6,トリエタノールアミン,102-71-6,R8.4時点適用対象物質及び裾切値一覧
102-77-2,２－（モルホリノチオ）ベンゾチアゾール,102-77-2,R8.4時点適用対象物質及び裾切値一覧
102-81-8,２－（ジ－ノルマル－ブチルアミノ）エタノール,102-81-8,R8.4時点適用対象物質及び裾切値一覧
102-82-9,トリブチルアミン,102-82-9,R8.4時点適用対象物質及び裾切値一覧
10213-79-3,メタけい酸ナトリウム並びにその五水和物及び九水和物,"6834-92-0,10213-79-3,13517-24-3",R8.4時点適用対象物質及び裾切値一覧
10222-01-2,２，２－ジブロモ－２－シアノアセトアミド,10222-01-2,R8.4時点適用対象物質及び裾切値一覧
10233-03-1,次亜塩素酸マグネシウム,10233-03-1,R9.4追加等対象物質及び裾切値一覧
1024-57-3,１，４，５，６，７，８，８－ヘプタクロロ－２，３－エポキシ－２，３，３ａ，４，７，７ａ－ヘキサヒドロ－４，７－メタノ－１Ｈ－インデン（別名ヘプタクロルエポキシド）,1024-57-3,R8.4時点適用対象物質及び裾切値一覧
1025-15-6,１，３，５－トリス－２’－プロペニルイソシアヌル酸,1025-15-6,R8.4時点適用対象物質及び裾切値一覧
10265-92-6,アミドチオりん酸Ｏ，Ｓ－ジメチル,10265-92-6,R8.4時点適用対象物質及び裾切値一覧
102851-06-9,（ＲＳ）－アルファ－シアノ－３－フェノキシベンジル＝Ｎ－（２－クロロ－アルファ，アルファ，アルファ－トリフルオロ－パラ－トリル）－Ｄ－バリナート（別名フルバリネート）,102851-06-9,R8.4時点適用対象物質及び裾切値一覧
10294-33-4,三臭化ほう素,10294-33-4,R8.4時点適用対象物質及び裾切値一覧
10294-34-5,三塩化ほう素,10294-34-5,R8.4時点適用対象物質及び裾切値一覧
103-11-7,アクリル酸２－エチルヘキシル,103-11-7,R8.4時点適用対象物質及び裾切値一覧
103-23-1,アジピン酸ジ－２－エチルヘキシル,103-23-1,R9.4追加等対象物質及び裾切値一覧
103-33-3,アゾベンゼン（別名ジフェニルジアゼン）,103-33-3,R8.4時点適用対象物質及び裾切値一覧
103-44-6,３－［（ビニルオキシ）メチル］ヘプタン,103-44-6,R8.4時点適用対象物質及び裾切値一覧
103-50-4,ジベンジルエーテル,103-50-4,R8.4時点適用対象物質及び裾切値一覧
103-60-6,２－フェノキシエチル＝イソブチラート,103-60-6,R9.4追加等対象物質及び裾切値一覧
103-63-9,（２－ブロモエチル）ベンゼン,103-63-9,R8.4時点適用対象物質及び裾切値一覧
103-64-0,ベータ－ブロモスチレン,103-64-0,R8.4時点適用対象物質及び裾切値一覧
103-65-1,プロピルベンゼン,103-65-1,R8.4時点適用対象物質及び裾切値一覧
103-69-5,Ｎ－エチルアニリン,103-69-5,R8.4時点適用対象物質及び裾切値一覧
103-71-9,フェニルイソシアネート,103-71-9,R8.4時点適用対象物質及び裾切値一覧
103-73-1,エトキシベンゼン,103-73-1,R8.4時点適用対象物質及び裾切値一覧
103-83-3,Ｎ，Ｎ－ジメチルベンジルアミン,103-83-3,R8.4時点適用対象物質及び裾切値一覧
103-84-4,アセトアニリド,103-84-4,R8.4時点適用対象物質及び裾切値一覧
103-90-2,Ｎ－（４－ヒドロキシフェニル）アセトアミド,103-90-2,R8.4時点適用対象物質及び裾切値一覧
103-95-7,３－（４－イソプロピルフェニル）－２－メチルプロパナール,103-95-7,R9.4追加等対象物質及び裾切値一覧
103055-07-8,（ＲＳ）－１－［２，５－ジクロロ－４－（１，１，２，３，３，３－ヘキサフルオロプロポキシ）フェニル］－３－（２，６－ジフルオロベンゾイル）尿素（別名ルフェヌロン）,103055-07-8,R8.4時点適用対象物質及び裾切値一覧
10311-84-9,ジチオりん酸Ｓ－［２－クロロ－１－（１，３－ジオキソイソインドリン－２－イル）エチル］－Ｏ，Ｏ－ジエチル,10311-84-9,R8.4時点適用対象物質及び裾切値一覧
10326-41-7,乳酸,"50-21-5,598-82-3,79-33-4,10326-41-7",R8.4時点適用対象物質及び裾切値一覧
10332-33-9,過ほう酸ナトリウム並びにその一水和物、三水和物及び四水和物,"7632-04-4,10332-33-9,10486-00-7,13517-20-9",R8.4時点適用対象物質及び裾切値一覧
10361-44-1,硝酸ビスマス（Ⅲ）,10361-44-1,R8.4時点適用対象物質及び裾切値一覧
10377-48-7,硫酸リチウム,10377-48-7,R8.4時点適用対象物質及び裾切値一覧
10377-60-3,硝酸マグネシウム及びその六水和物,"10377-60-3,13446-18-9",R8.4時点適用対象物質及び裾切値一覧
104-15-4,４－メチルベンゼンスルホン酸,104-15-4,R8.4時点適用対象物質及び裾切値一覧
104-51-8,ブチルベンゼン,104-51-8,R8.4時点適用対象物質及び裾切値一覧
104-55-2,３－フェニルアクリルアルデヒド,104-55-2,R9.4追加等対象物質及び裾切値一覧
104-75-6,２－エチルヘキシルアミン,104-75-6,R8.4時点適用対象物質及び裾切値一覧
104-76-7,２－エチル－１－ヘキサノール,104-76-7,R8.4時点適用対象物質及び裾切値一覧
104-78-9,３－（ジエチルアミノ）プロピルアミン,104-78-9,R8.4時点適用対象物質及び裾切値一覧
104-82-5,パラ－メチルベンジル＝クロリド,104-82-5,R8.4時点適用対象物質及び裾切値一覧
104-83-6,パラ－クロロベンジルクロリド,104-83-6,R8.4時点適用対象物質及び裾切値一覧
104-87-0,４－メチルベンズアルデヒド,104-87-0,R8.4時点適用対象物質及び裾切値一覧
104-88-1,４－クロロベンズアルデヒド,104-88-1,R8.4時点適用対象物質及び裾切値一覧
104-90-5,５－エチル－２－メチルピリジン,104-90-5,R8.4時点適用対象物質及び裾切値一覧
104-94-9,パラ－アニシジン,104-94-9,R8.4時点適用対象物質及び裾切値一覧
10453-86-8,５－ベンジル－３－フリルメチル＝（１ＲＳ）－シス－トランス－２，２－ジメチル－３－（２－メチルプロパ－１－エニル）シクロプロパンカルボキシラート（別名レスメトリン）,10453-86-8,R8.4時点適用対象物質及び裾切値一覧
10461-98-0,シクロヘキシリデン（フェニル）アセトニトリル,10461-98-0,R9.4追加等対象物質及び裾切値一覧
10470-01-6,２－シクロヘキシルビフェニル,10470-01-6,R8.4時点適用対象物質及び裾切値一覧
10476-85-4,塩化ストロンチウム,10476-85-4,R8.4時点適用対象物質及び裾切値一覧
10486-00-7,過ほう酸ナトリウム並びにその一水和物、三水和物及び四水和物,"7632-04-4,10332-33-9,10486-00-7,13517-20-9",R8.4時点適用対象物質及び裾切値一覧
105-05-5,ジエチルベンゼン,"135-01-3,141-93-5,105-05-5",R8.4時点適用対象物質及び裾切値一覧
105-06-6,ジビニルベンゼン,"1321-74-0,108-57-6,105-06-6",R8.4時点適用対象物質及び裾切値一覧
105-11-3,パラ－ベンゾキノンジオキシム,105-11-3,R8.4時点適用対象物質及び裾切値一覧
105-16-8,メタクリル酸２－（ジエチルアミノ）エチル,105-16-8,R8.4時点適用対象物質及び裾切値一覧
105-36-2,ブロモ酢酸エチル,105-36-2,R8.4時点適用対象物質及び裾切値一覧
105-37-3,プロピオン酸エチル,105-37-3,R8.4時点適用対象物質及び裾切値一覧
105-38-4,プロピオン酸ビニル,105-38-4,R8.4時点適用対象物質及び裾切値一覧
105-39-5,クロロ酢酸エチル,105-39-5,R8.4時点適用対象物質及び裾切値一覧
105-45-3,アセト酢酸メチル,105-45-3,R8.4時点適用対象物質及び裾切値一覧
105-46-4,酢酸ブチル,"123-86-4,110-19-0,540-88-5,105-46-4",R8.4時点適用対象物質及び裾切値一覧
105-48-6,２－クロロ酢酸イソプロピル,105-48-6,R8.4時点適用対象物質及び裾切値一覧
105-53-3,マロン酸ジエチル,105-53-3,R8.4時点適用対象物質及び裾切値一覧
105-54-4,ブタン酸エチル,105-54-4,R8.4時点適用対象物質及び裾切値一覧
105-55-5,Ｎ，Ｎ’－ジエチルチオ尿素,105-55-5,R8.4時点適用対象物質及び裾切値一覧
105-57-7,１，１－ジエトキシエタン,105-57-7,R8.4時点適用対象物質及び裾切値一覧
105-58-8,炭酸ジエチル,105-58-8,R8.4時点適用対象物質及び裾切値一覧
105-59-9,メチルジエタノールアミン,105-59-9,R8.4時点適用対象物質及び裾切値一覧
105-60-2,イプシロン－カプロラクタム,105-60-2,R8.4時点適用対象物質及び裾切値一覧
105-64-6,ジイソプロピルペルオキシジカルボナート,105-64-6,R8.4時点適用対象物質及び裾切値一覧
105-67-9,２，４－キシレノール,105-67-9,R8.4時点適用対象物質及び裾切値一覧
105-74-8,ジラウロイルペルオキシド,105-74-8,R8.4時点適用対象物質及び裾切値一覧
105-76-0,マレイン酸ジブチル,105-76-0,R9.4追加等対象物質及び裾切値一覧
105-87-3,（２Ｅ）－３，７－ジメチルオクタ－２，６－ジエニル＝アセタート（別名酢酸ゲラニル）,105-87-3,R9.4追加等対象物質及び裾切値一覧
105-99-7,アジピン酸ジブチル,105-99-7,R8.4時点適用対象物質及び裾切値一覧
105024-66-6,（４－エトキシフェニル）［３－（４－フルオロ－３－フェノキシフェニル）プロピル］ジメチルシラン（別名シラフルオフェン）,105024-66-6,R9.4追加等対象物質及び裾切値一覧
10544-72-6,四酸化二窒素,10544-72-6,R8.4時点適用対象物質及び裾切値一覧
10545-99-0,二塩化硫黄,10545-99-0,R8.4時点適用対象物質及び裾切値一覧
105735-71-5,３，７－ジニトロフルオランテン,105735-71-5,R8.4時点適用対象物質及び裾切値一覧
105779-78-0,５－クロロ－Ｎ－［２－［４－（２－エトキシエチル）－２，３－ジメチルフェノキシ］エチル］－６－エチルピリミジン－４－アミン（別名ピリミジフェン）,105779-78-0,R8.4時点適用対象物質及び裾切値一覧
105827-78-9,１－（６－クロロ－３－ピリジルメチル）－Ｎ－ニトロイミダゾリジン－２－イリデンアミン（別名イミダクロプリド）,105827-78-9,R8.4時点適用対象物質及び裾切値一覧
10595-95-6,Ｎ－メチル－Ｎ－ニトロソエチルアミン,10595-95-6,R8.4時点適用対象物質及び裾切値一覧
106-23-0,３，７－ジメチルオクタ－６－エナール,106-23-0,R8.4時点適用対象物質及び裾切値一覧
106-24-1,（Ｅ）－３，７－ジメチルオクタ－２，６－ジエン－１－オール（別名ゲラニオール）,106-24-1,R8.4時点適用対象物質及び裾切値一覧
106-27-4,酪酸イソペンチル,106-27-4,R8.4時点適用対象物質及び裾切値一覧
106-31-0,無水酪酸,106-31-0,R8.4時点適用対象物質及び裾切値一覧
106-35-4,ノルマル－ブチルエチルケトン,106-35-4,R8.4時点適用対象物質及び裾切値一覧
106-37-6,パラ－ジブロモベンゼン,106-37-6,R8.4時点適用対象物質及び裾切値一覧
106-41-2,パラ－ブロモフェノール,106-41-2,R8.4時点適用対象物質及び裾切値一覧
106-42-3,キシレン,"1330-20-7,95-47-6,108-38-3,106-42-3",R8.4時点適用対象物質及び裾切値一覧
106-43-4,パラ－クロロトルエン,106-43-4,R8.4時点適用対象物質及び裾切値一覧
106-44-5,クレゾール,"1319-77-3,95-48-7,108-39-4,106-44-5",R8.4時点適用対象物質及び裾切値一覧
106-46-7,パラ－ジクロロベンゼン,106-46-7,R8.4時点適用対象物質及び裾切値一覧
106-47-8,パラ－クロロアニリン,106-47-8,R8.4時点適用対象物質及び裾切値一覧
106-48-9,クロロフェノール,"25167-80-0,95-57-8,108-43-0,106-48-9",R8.4時点適用対象物質及び裾切値一覧
106-49-0,トルイジン,"26915-12-8,95-53-4,108-44-1,106-49-0",R8.4時点適用対象物質及び裾切値一覧
106-50-3,フェニレンジアミン,"108-45-2,106-50-3,95-54-5",R8.4時点適用対象物質及び裾切値一覧
106-51-4,パラ－ベンゾキノン,106-51-4,R8.4時点適用対象物質及び裾切値一覧
106-63-8,アクリル酸イソブチル,106-63-8,R8.4時点適用対象物質及び裾切値一覧
106-65-0,コハク酸ジメチル,106-65-0,R8.4時点適用対象物質及び裾切値一覧
106-68-3,オクタン－３－オン,106-68-3,R8.4時点適用対象物質及び裾切値一覧
106-74-1,アクリル酸２－エトキシエチル,106-74-1,R8.4時点適用対象物質及び裾切値一覧
106-75-2,２，２’－オキシジエチルビス（クロロホルマート）,106-75-2,R8.4時点適用対象物質及び裾切値一覧
106-87-6,４－ビニルシクロヘキセンジオキシド,106-87-6,R8.4時点適用対象物質及び裾切値一覧
106-88-7,１，２－酸化ブチレン,106-88-7,R8.4時点適用対象物質及び裾切値一覧
106-89-8,エピクロロヒドリン,106-89-8,R8.4時点適用対象物質及び裾切値一覧
106-90-1,アクリル酸グリシジル,106-90-1,R8.4時点適用対象物質及び裾切値一覧
106-91-2,メタクリル酸２，３－エポキシプロピル,106-91-2,R8.4時点適用対象物質及び裾切値一覧
106-92-3,１－アリルオキシ－２，３－エポキシプロパン,106-92-3,R8.4時点適用対象物質及び裾切値一覧
106-93-4,１，２－ジブロモエタン（別名ＥＤＢ）,106-93-4,R8.4時点適用対象物質及び裾切値一覧
106-94-5,１－ブロモプロパン,106-94-5,R8.4時点適用対象物質及び裾切値一覧
106-95-6,３－ブロモ－１－プロペン（別名臭化アリル）,106-95-6,R8.4時点適用対象物質及び裾切値一覧
106-96-7,３－ブロモプロピン,106-96-7,R8.4時点適用対象物質及び裾切値一覧
106-97-8,ブタン,106-97-8,R8.4時点適用対象物質及び裾切値一覧
106-98-9,ブテン,"25167-67-3,106-98-9,107-01-7,590-18-1,624-64-6,115-11-7",R8.4時点適用対象物質及び裾切値一覧
106-99-0,１，３－ブタジエン,106-99-0,R8.4時点適用対象物質及び裾切値一覧
10605-21-7,メチル＝ベンゾイミダゾール－２－イルカルバマート（別名カルベンダジム）,10605-21-7,R8.4時点適用対象物質及び裾切値一覧
1066-40-6,トリメチルシラノール,1066-40-6,R8.4時点適用対象物質及び裾切値一覧
1067-53-4,［トリス（２－メトキシエトキシ）］（ビニル）シラン,1067-53-4,R9.4追加等対象物質及び裾切値一覧
1068-27-5,２，５－ビス（ターシャリ－ブチルペルオキシ）－２，５－ジメチルヘキサ－３－イン,1068-27-5,R8.4時点適用対象物質及び裾切値一覧
1069-66-5,ナトリウム＝２－プロピルペンタノアート,1069-66-5,R8.4時点適用対象物質及び裾切値一覧
106917-52-6,２’，４－ジクロロ－アルファ，アルファ，アルファ－トリフルオロ－４’－ニトロメタトルエンスルホンアニリド（別名フルスルファミド）,106917-52-6,R8.4時点適用対象物質及び裾切値一覧
107-01-7,ブテン,"25167-67-3,106-98-9,107-01-7,590-18-1,624-64-6,115-11-7",R8.4時点適用対象物質及び裾切値一覧
107-02-8,アクロレイン,107-02-8,R8.4時点適用対象物質及び裾切値一覧
107-03-9,プロパン－１－チオール,107-03-9,R8.4時点適用対象物質及び裾切値一覧
107-04-0,１－ブロモ－２－クロロエタン,107-04-0,R8.4時点適用対象物質及び裾切値一覧
107-05-1,塩化アリル,107-05-1,R8.4時点適用対象物質及び裾切値一覧
107-06-2,１，２－ジクロロエタン,107-06-2,R8.4時点適用対象物質及び裾切値一覧
107-07-3,エチレンクロロヒドリン,107-07-3,R8.4時点適用対象物質及び裾切値一覧
107-10-8,プロピルアミン,107-10-8,R8.4時点適用対象物質及び裾切値一覧
107-11-9,３－アミノ－１－プロペン,107-11-9,R8.4時点適用対象物質及び裾切値一覧
107-12-0,プロパンニトリル（別名プロピオノニトリル）,107-12-0,R8.4時点適用対象物質及び裾切値一覧
107-13-1,アクリロニトリル,107-13-1,R8.4時点適用対象物質及び裾切値一覧
107-14-2,クロロアセトニトリル,107-14-2,R8.4時点適用対象物質及び裾切値一覧
107-15-3,エチレンジアミン,107-15-3,R8.4時点適用対象物質及び裾切値一覧
107-16-4,２－ヒドロキシアセトニトリル,107-16-4,R8.4時点適用対象物質及び裾切値一覧
107-18-6,アリルアルコール,107-18-6,R8.4時点適用対象物質及び裾切値一覧
107-19-7,２－プロピン－１－オール,107-19-7,R8.4時点適用対象物質及び裾切値一覧
107-20-0,クロロアセトアルデヒド,107-20-0,R8.4時点適用対象物質及び裾切値一覧
107-21-1,エチレングリコール,107-21-1,R8.4時点適用対象物質及び裾切値一覧
107-22-2,グリオキサール,107-22-2,R8.4時点適用対象物質及び裾切値一覧
107-25-5,メトキシエテン,107-25-5,R8.4時点適用対象物質及び裾切値一覧
107-30-2,クロロメチルメチルエーテル,107-30-2,R8.4時点適用対象物質及び裾切値一覧
107-31-3,ぎ酸メチル,107-31-3,R8.4時点適用対象物質及び裾切値一覧
107-39-1,２，４，４－トリメチルペンタ－１－エン,107-39-1,R8.4時点適用対象物質及び裾切値一覧
107-40-4,２，４，４－トリメチルペンタ－２－エン,107-40-4,R8.4時点適用対象物質及び裾切値一覧
107-41-5,２－メチル－２，４－ペンタンジオール,107-41-5,R8.4時点適用対象物質及び裾切値一覧
107-46-0,ヘキサメチルジシロキサン,107-46-0,R8.4時点適用対象物質及び裾切値一覧
107-49-3,テトラエチルピロホスフェイト（別名ＴＥＰＰ）,107-49-3,R8.4時点適用対象物質及び裾切値一覧
107-64-2,Ｎ，Ｎ－ジメチル－Ｎ，Ｎ－ジオクタデシルアンモニウム＝クロリド,107-64-2,R8.4時点適用対象物質及び裾切値一覧
107-66-4,りん酸ジ－ノルマル－ブチル,107-66-4,R8.4時点適用対象物質及び裾切値一覧
107-70-0,４－メトキシ－４－メチルペンタン－２－オン,107-70-0,R8.4時点適用対象物質及び裾切値一覧
107-71-1,過酢酸ターシャリ－ブチル,107-71-1,R8.4時点適用対象物質及び裾切値一覧
107-82-4,１－ブロモ－３－メチルブタン,107-82-4,R8.4時点適用対象物質及び裾切値一覧
107-86-8,３－メチル－２－ブテナール,107-86-8,R8.4時点適用対象物質及び裾切値一覧
107-87-9,メチルプロピルケトン,"107-87-9,563-80-4",R8.4時点適用対象物質及び裾切値一覧
107-92-6,酪酸,107-92-6,R8.4時点適用対象物質及び裾切値一覧
107-94-8,３－クロロプロピオン酸,107-94-8,R8.4時点適用対象物質及び裾切値一覧
107-96-0,ベータ－メルカプトプロピオン酸,107-96-0,R8.4時点適用対象物質及び裾切値一覧
107-98-2,プロピレングリコールモノメチルエーテル,107-98-2,R8.4時点適用対象物質及び裾切値一覧
1071-83-6,グリホサート,1071-83-6,R8.4時点適用対象物質及び裾切値一覧
1071-93-8,ヘキサンジヒドラジド,1071-93-8,R9.4追加等対象物質及び裾切値一覧
1072-35-1,ステアリン酸鉛,1072-35-1,R8.4時点適用対象物質及び裾切値一覧
1072-52-2,２－（１－アジリジニル）エタノール,1072-52-2,R8.4時点適用対象物質及び裾切値一覧
107534-96-3,（ＲＳ）－１－パラ－クロロフェニル－４，４－ジメチル－３－（１Ｈ－１，２，４－トリアゾール－１－イルメチル）ペンタン－３－オール（別名テブコナゾール）,107534-96-3,R8.4時点適用対象物質及び裾切値一覧
108-01-0,２－（ジメチルアミノ）エタノール,108-01-0,R8.4時点適用対象物質及び裾切値一覧
108-03-2,１－ニトロプロパン,108-03-2,R8.4時点適用対象物質及び裾切値一覧
108-05-4,酢酸ビニル,108-05-4,R8.4時点適用対象物質及び裾切値一覧
108-10-1,メチルイソブチルケトン,108-10-1,R8.4時点適用対象物質及び裾切値一覧
108-11-2,４－メチル－２－ペンタノール,108-11-2,R8.4時点適用対象物質及び裾切値一覧
108-18-9,ジイソプロピルアミン,108-18-9,R8.4時点適用対象物質及び裾切値一覧
108-20-3,イソプロピルエーテル,108-20-3,R8.4時点適用対象物質及び裾切値一覧
108-21-4,酢酸プロピル,"109-60-4,108-21-4",R8.4時点適用対象物質及び裾切値一覧
108-23-6,クロロぎ酸イソプロピル,108-23-6,R10.4追加等対象物質及び裾切値一覧
108-24-7,無水酢酸,108-24-7,R8.4時点適用対象物質及び裾切値一覧
108-30-5,無水コハク酸,108-30-5,R8.4時点適用対象物質及び裾切値一覧
108-31-6,無水マレイン酸,108-31-6,R8.4時点適用対象物質及び裾切値一覧
108-32-7,炭酸プロピレン,108-32-7,R8.4時点適用対象物質及び裾切値一覧
108-38-3,キシレン,"1330-20-7,95-47-6,108-38-3,106-42-3",R8.4時点適用対象物質及び裾切値一覧
108-39-4,クレゾール,"1319-77-3,95-48-7,108-39-4,106-44-5",R8.4時点適用対象物質及び裾切値一覧
108-41-8,３－クロロトルエン,108-41-8,R8.4時点適用対象物質及び裾切値一覧
108-42-9,メタ－クロロアニリン,108-42-9,R8.4時点適用対象物質及び裾切値一覧
108-43-0,クロロフェノール,"25167-80-0,95-57-8,108-43-0,106-48-9",R8.4時点適用対象物質及び裾切値一覧
108-44-1,トルイジン,"26915-12-8,95-53-4,108-44-1,106-49-0",R8.4時点適用対象物質及び裾切値一覧
108-45-2,フェニレンジアミン,"108-45-2,106-50-3,95-54-5",R8.4時点適用対象物質及び裾切値一覧
108-46-3,レソルシノール,108-46-3,R8.4時点適用対象物質及び裾切値一覧
108-48-5,２，６－ジメチルピリジン,108-48-5,R8.4時点適用対象物質及び裾切値一覧
108-57-6,ジビニルベンゼン,"1321-74-0,108-57-6,105-06-6",R8.4時点適用対象物質及び裾切値一覧
108-60-1,ビス（２－クロロイソプロピル）エーテル,108-60-1,R8.4時点適用対象物質及び裾切値一覧
108-62-3,２，４，６，８－テトラメチル－１，３，５，７－テトラオキソカン（別名メタアルデヒド）,108-62-3,R8.4時点適用対象物質及び裾切値一覧
108-65-6,酢酸１－メトキシ－２－プロピル,108-65-6,R8.4時点適用対象物質及び裾切値一覧
108-67-8,トリメチルベンゼン,"25551-13-7,108-67-8,95-63-6,526-73-8",R8.4時点適用対象物質及び裾切値一覧
108-68-9,３，５－キシレノール,108-68-9,R8.4時点適用対象物質及び裾切値一覧
108-69-0,キシリジン,"1300-73-8,87-59-2,95-68-1,95-78-3,87-62-7,95-64-7,108-69-0",R8.4時点適用対象物質及び裾切値一覧
108-70-3,１，３，５－トリクロロベンゼン,108-70-3,R8.4時点適用対象物質及び裾切値一覧
108-75-8,２，４，６－トリメチルピリジン,108-75-8,R8.4時点適用対象物質及び裾切値一覧
108-77-0,２，４，６－トリクロロ－１，３，５－トリアジン,108-77-0,R8.4時点適用対象物質及び裾切値一覧
108-78-1,１，３，５－トリアジン－２，４，６－トリアミン（別名メラミン）,108-78-1,R8.4時点適用対象物質及び裾切値一覧
108-82-7,２，６－ジメチルヘプタン－４－オール,108-82-7,R8.4時点適用対象物質及び裾切値一覧
108-83-8,ジイソブチルケトン,108-83-8,R8.4時点適用対象物質及び裾切値一覧
108-84-9,酢酸１，３－ジメチルブチル,108-84-9,R8.4時点適用対象物質及び裾切値一覧
108-86-1,ブロモベンゼン,108-86-1,R8.4時点適用対象物質及び裾切値一覧
108-87-2,メチルシクロヘキサン,108-87-2,R8.4時点適用対象物質及び裾切値一覧
108-88-3,トルエン,108-88-3,R8.4時点適用対象物質及び裾切値一覧
108-89-4,メチルピリジン（３－メチルピリジンを除く。）,"108-89-4,109-06-8",R8.4時点適用対象物質及び裾切値一覧
108-90-7,クロロベンゼン,108-90-7,R8.4時点適用対象物質及び裾切値一覧
108-91-8,シクロヘキシルアミン,108-91-8,R8.4時点適用対象物質及び裾切値一覧
108-93-0,シクロヘキサノール,108-93-0,R8.4時点適用対象物質及び裾切値一覧
108-94-1,シクロヘキサノン,108-94-1,R8.4時点適用対象物質及び裾切値一覧
108-95-2,フェノール,108-95-2,R8.4時点適用対象物質及び裾切値一覧
108-98-5,チオフェノール,108-98-5,R8.4時点適用対象物質及び裾切値一覧
108-99-6,３－メチルピリジン,108-99-6,R8.4時点適用対象物質及び裾切値一覧
1085-98-9,Ｎ－ジクロロフルオロメチルチオ－Ｎ’，Ｎ’－ジメチル－Ｎ－フェニルスルファミド,1085-98-9,R8.4時点適用対象物質及び裾切値一覧
109-02-4,４－メチルモルホリン,109-02-4,R8.4時点適用対象物質及び裾切値一覧
109-06-8,メチルピリジン（３－メチルピリジンを除く。）,"108-89-4,109-06-8",R8.4時点適用対象物質及び裾切値一覧
109-08-0,２－メチルピラジン,109-08-0,R8.4時点適用対象物質及び裾切値一覧
109-09-1,２－クロロピリジン,109-09-1,R8.4時点適用対象物質及び裾切値一覧
109-16-0,２，２’－エチレンジオキシジエチル＝ジメタクリラート,109-16-0,R9.4追加等対象物質及び裾切値一覧
109-21-7,酪酸ブチル,109-21-7,R8.4時点適用対象物質及び裾切値一覧
109-27-3,４－［イミノ（２－ニトロソヒドラジノ）メチル］テトラゼン－１－カルボキシミドアミド,109-27-3,R8.4時点適用対象物質及び裾切値一覧
109-52-4,ペンタン酸,109-52-4,R8.4時点適用対象物質及び裾切値一覧
109-53-5,２－メチル－１－（ビニルオキシ）プロパン,109-53-5,R8.4時点適用対象物質及び裾切値一覧
109-55-7,Ｎ，Ｎ－ジメチルプロパン－１，３－ジアミン,109-55-7,R8.4時点適用対象物質及び裾切値一覧
109-59-1,エチレングリコールモノイソプロピルエーテル,109-59-1,R8.4時点適用対象物質及び裾切値一覧
109-60-4,酢酸プロピル,"109-60-4,108-21-4",R8.4時点適用対象物質及び裾切値一覧
109-61-5,クロロぎ酸ノルマルプロピル,109-61-5,R8.4時点適用対象物質及び裾切値一覧
109-63-7,三弗化ほう素ジエチルエーテル,109-63-7,R8.4時点適用対象物質及び裾切値一覧
109-64-8,１，３－ジブロモプロパン,109-64-8,R8.4時点適用対象物質及び裾切値一覧
109-65-9,１－ブロモブタン（別名臭化ノルマル－ブチル）,109-65-9,R8.4時点適用対象物質及び裾切値一覧
109-66-0,ペンタン,109-66-0,R8.4時点適用対象物質及び裾切値一覧
109-69-3,１－クロロブタン,109-69-3,R8.4時点適用対象物質及び裾切値一覧
109-70-6,１－ブロモ－３－クロロプロパン,109-70-6,R8.4時点適用対象物質及び裾切値一覧
109-72-8,ブチルリチウム,109-72-8,R8.4時点適用対象物質及び裾切値一覧
109-73-9,ノルマル－ブチルアミン,109-73-9,R8.4時点適用対象物質及び裾切値一覧
109-74-0,ブタンニトリル（別名ブチロニトリル）,109-74-0,R8.4時点適用対象物質及び裾切値一覧
109-76-2,１，３－ジアミノプロパン,109-76-2,R8.4時点適用対象物質及び裾切値一覧
109-77-3,ジシアノメタン（別名マロノニトリル）,109-77-3,R8.4時点適用対象物質及び裾切値一覧
109-79-5,１－ブタンチオール,109-79-5,R8.4時点適用対象物質及び裾切値一覧
109-83-1,２－（メチルアミノ）エタノール,109-83-1,R8.4時点適用対象物質及び裾切値一覧
109-84-2,ヒドロキシエチルヒドラジン,109-84-2,R8.4時点適用対象物質及び裾切値一覧
109-86-4,エチレングリコールモノメチルエーテル（別名メチルセロソルブ）,109-86-4,R8.4時点適用対象物質及び裾切値一覧
109-87-5,メチラール,109-87-5,R8.4時点適用対象物質及び裾切値一覧
109-89-7,ジエチルアミン,109-89-7,R8.4時点適用対象物質及び裾切値一覧
109-92-2,エトキシエテン,109-92-2,R8.4時点適用対象物質及び裾切値一覧
109-94-4,ぎ酸エチル,109-94-4,R8.4時点適用対象物質及び裾切値一覧
109-97-7,ピロール,109-97-7,R8.4時点適用対象物質及び裾切値一覧
109-99-9,テトラヒドロフラン,109-99-9,R8.4時点適用対象物質及び裾切値一覧
110-00-9,フラン,110-00-9,R8.4時点適用対象物質及び裾切値一覧
110-01-0,テトラヒドロチオフェン,110-01-0,R8.4時点適用対象物質及び裾切値一覧
110-02-1,チオフェン,110-02-1,R8.4時点適用対象物質及び裾切値一覧
110-05-4,ジ－ターシャリ－ブチルペルオキシド,110-05-4,R8.4時点適用対象物質及び裾切値一覧
110-12-3,５－メチル－２－ヘキサノン,110-12-3,R8.4時点適用対象物質及び裾切値一覧
110-13-4,２，５－ヘキサンジオン（別名アセトニルアセトン）,110-13-4,R8.4時点適用対象物質及び裾切値一覧
110-16-7,マレイン酸,110-16-7,R8.4時点適用対象物質及び裾切値一覧
110-17-8,フマル酸,110-17-8,R8.4時点適用対象物質及び裾切値一覧
110-18-9,Ｎ，Ｎ，Ｎ’，Ｎ’－テトラメチルエチレンジアミン,110-18-9,R8.4時点適用対象物質及び裾切値一覧
110-19-0,酢酸ブチル,"123-86-4,110-19-0,540-88-5,105-46-4",R8.4時点適用対象物質及び裾切値一覧
110-25-8,２－［メチル－［（Ｚ）－オクタデカ－９－エノイル］アミノ］酢酸（別名オレオイルザルコシン）,110-25-8,R8.4時点適用対象物質及び裾切値一覧
110-26-9,Ｎ，Ｎ’－メチレンビスアクリルアミド,110-26-9,R9.4追加等対象物質及び裾切値一覧
110-42-9,デカン酸メチル,110-42-9,R8.4時点適用対象物質及び裾切値一覧
110-43-0,メチル－ノルマル－ペンチルケトン,110-43-0,R8.4時点適用対象物質及び裾切値一覧
110-45-2,ぎ酸イソペンチル,110-45-2,R8.4時点適用対象物質及び裾切値一覧
110-46-3,亜硝酸イソペンチル,110-46-3,R8.4時点適用対象物質及び裾切値一覧
110-49-6,エチレングリコールモノメチルエーテルアセテート,110-49-6,R8.4時点適用対象物質及び裾切値一覧
110-54-3,ヘキサン,110-54-3,R8.4時点適用対象物質及び裾切値一覧
110-62-3,１－ペンタナール,110-62-3,R8.4時点適用対象物質及び裾切値一覧
110-64-5,ブタ－２－エン－１，４－ジオール,110-64-5,R8.4時点適用対象物質及び裾切値一覧
110-65-6,ブタ－２－イン－１，４－ジオール,110-65-6,R8.4時点適用対象物質及び裾切値一覧
110-71-4,１，２－ジメトキシエタン,110-71-4,R8.4時点適用対象物質及び裾切値一覧
110-80-5,エチレングリコールモノエチルエーテル（別名セロソルブ）,110-80-5,R8.4時点適用対象物質及び裾切値一覧
110-81-6,ジエチルジスルファン,110-81-6,R8.4時点適用対象物質及び裾切値一覧
110-82-7,シクロヘキサン,110-82-7,R8.4時点適用対象物質及び裾切値一覧
110-83-8,シクロヘキセン,110-83-8,R8.4時点適用対象物質及び裾切値一覧
110-85-0,ピペラジン,110-85-0,R8.4時点適用対象物質及び裾切値一覧
110-86-1,ピリジン,110-86-1,R8.4時点適用対象物質及び裾切値一覧
110-87-2,３，４－ジヒドロ－２Ｈ－ピラン,110-87-2,R8.4時点適用対象物質及び裾切値一覧
110-88-3,１，３，５－トリオキサン,110-88-3,R8.4時点適用対象物質及び裾切値一覧
110-89-4,ピペリジン,110-89-4,R8.4時点適用対象物質及び裾切値一覧
110-91-8,モルホリン,110-91-8,R8.4時点適用対象物質及び裾切値一覧
110-93-0,６－メチル－５－ヘプテン－２－オン,110-93-0,R8.4時点適用対象物質及び裾切値一覧
110-96-3,ジイソブチルアミン,110-96-3,R8.4時点適用対象物質及び裾切値一覧
110-97-4,ジイソプロパノールアミン,110-97-4,R8.4時点適用対象物質及び裾切値一覧
110488-70-5,４－［３－（４－クロロフェニル）－３－（３，４－ジメトキシフェニル）アクリロイル］モルホリン（別名ジメトモルフ）,110488-70-5,R9.4追加等対象物質及び裾切値一覧
11054-70-9,ラサロシド,11054-70-9,R8.4時点適用対象物質及び裾切値一覧
11067-80-4,イソドデシルフェノール,11067-80-4,R9.4追加等対象物質及び裾切値一覧
11070-44-3,テトラヒドロメチル無水フタル酸,11070-44-3,R8.4時点適用対象物質及び裾切値一覧
110956-75-7,３－（４－クロロ－５－シクロペンチルオキシ－２－フルオロフェニル）－５－イソプロピリデン－１，３－オキサゾリジン－２，４－ジオン（別名ペントキサゾン）,110956-75-7,R8.4時点適用対象物質及び裾切値一覧
111-11-5,オクタン酸メチル,111-11-5,R8.4時点適用対象物質及び裾切値一覧
111-13-7,２－オクタノン,111-13-7,R8.4時点適用対象物質及び裾切値一覧
111-14-8,ヘプタン酸,111-14-8,R8.4時点適用対象物質及び裾切値一覧
111-15-9,エチレングリコールモノエチルエーテルアセテート（別名セロソルブアセテート）,111-15-9,R8.4時点適用対象物質及び裾切値一覧
111-17-1,３，３’－チオジプロピオン酸,111-17-1,R8.4時点適用対象物質及び裾切値一覧
111-18-2,Ｎ，Ｎ，Ｎ’，Ｎ’－テトラメチル－１，６－ヘキサメチレンジアミン,111-18-2,R8.4時点適用対象物質及び裾切値一覧
111-27-3,１－ヘキサノール,111-27-3,R8.4時点適用対象物質及び裾切値一覧
111-30-8,グルタルアルデヒド,111-30-8,R8.4時点適用対象物質及び裾切値一覧
111-31-9,１－ヘキサンチオール,111-31-9,R8.4時点適用対象物質及び裾切値一覧
111-36-4,ブチルイソシアネート,111-36-4,R8.4時点適用対象物質及び裾切値一覧
111-40-0,ジエチレントリアミン,111-40-0,R8.4時点適用対象物質及び裾切値一覧
111-41-1,Ｎ－（２－アミノエチル）－２－アミノエタノール,111-41-1,R8.4時点適用対象物質及び裾切値一覧
111-42-2,ジエタノールアミン,111-42-2,R8.4時点適用対象物質及び裾切値一覧
111-43-3,ジプロピルエーテル,111-43-3,R8.4時点適用対象物質及び裾切値一覧
111-44-4,ビス（２－クロロエチル）エーテル,111-44-4,R8.4時点適用対象物質及び裾切値一覧
111-46-6,ジエチレングリコール,111-46-6,R8.4時点適用対象物質及び裾切値一覧
111-49-9,ヘキサメチレンイミン,111-49-9,R8.4時点適用対象物質及び裾切値一覧
111-65-9,オクタン,111-65-9,R8.4時点適用対象物質及び裾切値一覧
111-66-0,１－オクテン,111-66-0,R8.4時点適用対象物質及び裾切値一覧
111-69-3,アジポニトリル,111-69-3,R8.4時点適用対象物質及び裾切値一覧
111-70-6,１－ヘプタノール,111-70-6,R8.4時点適用対象物質及び裾切値一覧
111-71-7,ヘプタナール,111-71-7,R8.4時点適用対象物質及び裾切値一覧
111-76-2,エチレングリコールモノ－ノルマル－ブチルエーテル（別名ブチルセロソルブ）,111-76-2,R8.4時点適用対象物質及び裾切値一覧
111-77-3,ジエチレングリコールモノメチルエーテル（別名メチルカルビトール）,111-77-3,R8.4時点適用対象物質及び裾切値一覧
111-78-4,シクロオクタ－１，５－ジエン,111-78-4,R8.4時点適用対象物質及び裾切値一覧
111-82-0,メチル＝ドデカノアート,111-82-0,R8.4時点適用対象物質及び裾切値一覧
111-84-2,ノナン,111-84-2,R8.4時点適用対象物質及び裾切値一覧
111-85-3,１－クロロオクタン,111-85-3,R8.4時点適用対象物質及び裾切値一覧
111-86-4,オクチルアミン（別名モノオクチルアミン）,111-86-4,R8.4時点適用対象物質及び裾切値一覧
111-87-5,１－オクタノール,111-87-5,R8.4時点適用対象物質及び裾切値一覧
111-88-6,オクタン－１－チオール,111-88-6,R8.4時点適用対象物質及び裾切値一覧
111-90-0,ジエチレングリコールモノエチルエーテル,111-90-0,R8.4時点適用対象物質及び裾切値一覧
111-91-1,ジクロロエチルホルマール,111-91-1,R8.4時点適用対象物質及び裾切値一覧
111-92-2,ジブチルアミン,111-92-2,R8.4時点適用対象物質及び裾切値一覧
111-96-6,１－メトキシ－２－（２－メトキシエトキシ）エタン,111-96-6,R8.4時点適用対象物質及び裾切値一覧
1113-38-8,しゆう酸の二アンモニウム塩、二カリウム塩及び二ナトリウム塩,"1113-38-8,583-52-8,62-76-0",R8.4時点適用対象物質及び裾切値一覧
11135-81-2,カリウムナトリウム合金,11135-81-2,R8.4時点適用対象物質及び裾切値一覧
1116-54-7,２，２’－（ニトロソイミノ）ジエタノール,1116-54-7,R8.4時点適用対象物質及び裾切値一覧
111872-58-3,２－（４－ブロモジフルオロメトキシフェニル）－２－メチルプロピル＝３－フェノキシベンジル＝エーテル（別名ハルフェンプロックス）,111872-58-3,R8.4時点適用対象物質及び裾切値一覧
1119-40-0,グルタル酸ジメチル,1119-40-0,R9.4追加等対象物質及び裾切値一覧
1119-94-4,ドデシルトリメチルアンモニウム＝ブロミド,1119-94-4,R9.4追加等対象物質及び裾切値一覧
111988-49-9,３－（６－クロロピリジン－３－イルメチル）－１，３－チアゾリジン－２－イリデンシアナミド（別名チアクロプリド）,111988-49-9,R8.4時点適用対象物質及び裾切値一覧
112-00-5,ドデシルトリメチルアンモニウム＝クロリド,112-00-5,R9.4追加等対象物質及び裾切値一覧
112-02-7,ヘキサデシルトリメチルアンモニウム＝クロリド,112-02-7,R8.4時点適用対象物質及び裾切値一覧
112-03-8,トリメチル（オクタデシル）アンモニウム＝クロリド,112-03-8,R8.4時点適用対象物質及び裾切値一覧
112-05-0,ノナン酸,112-05-0,R8.4時点適用対象物質及び裾切値一覧
112-07-2,エチレングリコールモノブチルエーテルアセタート,112-07-2,R8.4時点適用対象物質及び裾切値一覧
112-18-5,Ｎ，Ｎ－ジメチルドデシルアミン,112-18-5,R8.4時点適用対象物質及び裾切値一覧
112-24-3,Ｎ，Ｎ’－ビス（２－アミノエチル）エタン－１，２－ジアミン,112-24-3,R8.4時点適用対象物質及び裾切値一覧
112-25-4,２－（ヘキサン－１－イルオキシ）エタノール,112-25-4,R8.4時点適用対象物質及び裾切値一覧
112-26-5,１，２－ビス（２－クロロエトキシ）エタン,112-26-5,R8.4時点適用対象物質及び裾切値一覧
112-30-1,アルカノール（炭素数が１０から１６までのもの及びその混合物に限る。）,"67762-41-8,112-42-5,112-30-1,112-72-1",R8.4時点適用対象物質及び裾切値一覧
112-31-2,デカナール（別名デシルアルデヒド）,112-31-2,R8.4時点適用対象物質及び裾切値一覧
112-34-5,ジエチレングリコールモノブチルエーテル,112-34-5,R8.4時点適用対象物質及び裾切値一覧
112-36-7,ジエチレングリコールジエチルエーテル,112-36-7,R8.4時点適用対象物質及び裾切値一覧
112-40-3,ドデカン,112-40-3,R8.4時点適用対象物質及び裾切値一覧
112-41-4,１－ドデセン,112-41-4,R8.4時点適用対象物質及び裾切値一覧
112-42-5,アルカノール（炭素数が１０から１６までのもの及びその混合物に限る。）,"67762-41-8,112-42-5,112-30-1,112-72-1",R8.4時点適用対象物質及び裾切値一覧
112-45-8,１０－ウンデセナール,112-45-8,R8.4時点適用対象物質及び裾切値一覧
112-49-2,２，５，８，１１－テトラオキサドデカン,112-49-2,R8.4時点適用対象物質及び裾切値一覧
112-53-8,１－ドデカノール（別名ノルマル－ドデシルアルコール）,112-53-8,R8.4時点適用対象物質及び裾切値一覧
112-55-0,ドデカン－１－チオール,112-55-0,R8.4時点適用対象物質及び裾切値一覧
112-56-1,２－［２－（ブトキシ）エトキシ］エチルチオシアナート,112-56-1,R8.4時点適用対象物質及び裾切値一覧
112-57-2,３，６，９－トリアザウンデカン－１，１１－ジアミン（別名テトラエチレンペンタミン）,112-57-2,R8.4時点適用対象物質及び裾切値一覧
112-59-4,２－（２－ヘキシルオキシエトキシ）エタノール（別名ジエチレングリコールモノヘキシルエーテル）,112-59-4,R8.4時点適用対象物質及び裾切値一覧
112-72-1,アルカノール（炭素数が１０から１６までのもの及びその混合物に限る。）,"67762-41-8,112-42-5,112-30-1,112-72-1",R8.4時点適用対象物質及び裾切値一覧
112-75-4,Ｎ，Ｎ－ジメチルテトラデカン－１－アミン,112-75-4,R9.4追加等対象物質及び裾切値一覧
112-76-5,ステアロイル＝クロリド,112-76-5,R8.4時点適用対象物質及び裾切値一覧
112-90-3,（Ｚ）－オクタデカ－９－エン－１－アミン,112-90-3,R8.4時点適用対象物質及び裾切値一覧
1120-21-4,ウンデカン,1120-21-4,R8.4時点適用対象物質及び裾切値一覧
1120-71-4,１，３－プロパンスルトン,1120-71-4,R8.4時点適用対象物質及び裾切値一覧
112281-77-3,（ＲＳ）－２－（２，４－ジクロロフェニル）－３－（１Ｈ－１，２，４－トリアゾール－１－イル）プロピル＝１，１，２，２－テトラフルオロエチル＝エーテル（別名テトラコナゾール）,112281-77-3,R8.4時点適用対象物質及び裾切値一覧
1124-11-4,２，３，５，６－テトラメチルピラジン,1124-11-4,R8.4時点適用対象物質及び裾切値一覧
112410-23-8,Ｎ－ターシャリ－ブチル－Ｎ’－（４－エチルベンゾイル）－３，５－ジメチルベンゾヒドラジド（別名テブフェノジド）,112410-23-8,R8.4時点適用対象物質及び裾切値一覧
1129-41-5,３－メチルフェニル－Ｎ－メチルカルバメート,1129-41-5,R8.4時点適用対象物質及び裾切値一覧
112926-00-8,非晶質シリカ（シリカゲル及び沈降シリカに限る。）,112926-00-8,R8.4時点適用対象物質及び裾切値一覧
113-00-8,グアニジン,113-00-8,R8.4時点適用対象物質及び裾切値一覧
113-92-8,マレイン酸クロルフェニラミン,113-92-8,R8.4時点適用対象物質及び裾切値一覧
113378-31-7,センデュラマイシン,113378-31-7,R8.4時点適用対象物質及び裾切値一覧
114-26-1,Ｎ－メチルカルバミン酸２－イソプロピルオキシフェニル（別名プロポキスル）,114-26-1,R8.4時点適用対象物質及び裾切値一覧
114369-43-6,（ＲＳ）－４－（４－クロロフェニル）－２－フェニル－２－（１Ｈ－１，２，４－トリアゾール－１－イルメチル）ブチロニトリル（別名フェンブコナゾール）,114369-43-6,R8.4時点適用対象物質及び裾切値一覧
115-02-6,Ｏ－（２－ジアゾアセチル）－Ｌ－セリン,115-02-6,R8.4時点適用対象物質及び裾切値一覧
115-07-1,プロペン,115-07-1,R8.4時点適用対象物質及び裾切値一覧
115-10-6,ジメチルエーテル,115-10-6,R8.4時点適用対象物質及び裾切値一覧
115-11-7,ブテン,"25167-67-3,106-98-9,107-01-7,590-18-1,624-64-6,115-11-7",R8.4時点適用対象物質及び裾切値一覧
115-18-4,３－メチル－１－ブテン－３－オール,115-18-4,R8.4時点適用対象物質及び裾切値一覧
115-19-5,３－メチル－１－ブチン－３－オール,115-19-5,R8.4時点適用対象物質及び裾切値一覧
115-21-9,トリクロロエチルシラン,115-21-9,R8.4時点適用対象物質及び裾切値一覧
115-25-3,オクタフルオロシクロブタン（高圧のガスの状態のものに限る。）,115-25-3,R8.4時点適用対象物質及び裾切値一覧
115-28-6,１，４，５，６，７，７－ヘキサクロロビシクロ［２．２．１］－５－ヘプテン－２，３－ジカルボン酸（別名クロレンド酸）,115-28-6,R8.4時点適用対象物質及び裾切値一覧
115-29-7,ヘキサクロロヘキサヒドロメタノベンゾジオキサチエピンオキサイド（別名ベンゾエピン）,115-29-7,R8.4時点適用対象物質及び裾切値一覧
115-32-2,２，２，２－トリクロロ－１，１－ビス（４－クロロフェニル）エタノール（別名ジコホル）,115-32-2,R8.4時点適用対象物質及び裾切値一覧
115-90-2,チオりん酸Ｏ，Ｏ－ジエチル－Ｏ－［４－（メチルスルフィニル）フェニル］（別名フェンスルホチオン）,115-90-2,R8.4時点適用対象物質及び裾切値一覧
115-95-7,３，７－ジメチルオクタ－１，６－ジエン－３－イル＝アセタート（別名酢酸リナリル）,115-95-7,R8.4時点適用対象物質及び裾切値一覧
115-96-8,りん酸トリス（２－クロロエチル）,115-96-8,R8.4時点適用対象物質及び裾切値一覧
116-14-3,テトラフルオロエチレン,116-14-3,R8.4時点適用対象物質及び裾切値一覧
116-15-4,ヘキサフルオロプロペン,116-15-4,R8.4時点適用対象物質及び裾切値一覧
116-29-0,４－クロロフェニル＝２，４，５－トリクロロフェニル＝スルホン（別名テトラジホン）,116-29-0,R9.4追加等対象物質及び裾切値一覧
116-54-1,２，２－ジクロロ酢酸メチル,116-54-1,R8.4時点適用対象物質及び裾切値一覧
1163-19-5,１，１’－オキシビス（２，３，４，５，６－ペンタブロモベンゼン）（別名デカブロモジフェニルエーテル）,1163-19-5,R8.4時点適用対象物質及び裾切値一覧
116714-46-6,（ＲＳ）－１－［３－クロロ－４－（１，１，２－トリフルオロ－２－トリフルオロメトキシエトキシ）フェニル］－３－（２，６－ジフルオロベンゾイル）尿素（別名ノバルロン）,116714-46-6,R8.4時点適用対象物質及び裾切値一覧
117-08-8,テトラクロロ無水フタル酸,117-08-8,R8.4時点適用対象物質及び裾切値一覧
117-10-2,１，８－ジヒドロキシアントラキノン,117-10-2,R8.4時点適用対象物質及び裾切値一覧
117-80-6,２，３－ジクロロ－１，４－ナフトキノン,117-80-6,R8.4時点適用対象物質及び裾切値一覧
117-81-7,フタル酸ビス（２－エチルヘキシル）（別名ＤＥＨＰ）,117-81-7,R8.4時点適用対象物質及び裾切値一覧
117-82-8,フタル酸ビス（２－メトキシエチル）,117-82-8,R9.4追加等対象物質及び裾切値一覧
117-84-0,フタル酸ジオクチル,117-84-0,R8.4時点適用対象物質及び裾切値一覧
118-52-5,１，３－ジクロロ－５，５－ジメチルイミダゾリジン－２，４－ジオン,118-52-5,R8.4時点適用対象物質及び裾切値一覧
118-58-1,２－ヒドロキシ安息香酸ベンジル,118-58-1,R9.4追加等対象物質及び裾切値一覧
118-69-4,２，６－ジクロロトルエン,118-69-4,R8.4時点適用対象物質及び裾切値一覧
118-71-8,マルトール,118-71-8,R8.4時点適用対象物質及び裾切値一覧
118-74-1,ヘキサクロロベンゼン,118-74-1,R8.4時点適用対象物質及び裾切値一覧
118-75-2,２，３，５，６－テトラクロロ－パラ－ベンゾキノン,118-75-2,R8.4時点適用対象物質及び裾切値一覧
118-79-6,２，４，６－トリブロモフェノール,118-79-6,R8.4時点適用対象物質及び裾切値一覧
118-96-7,トリニトロトルエン,118-96-7,R8.4時点適用対象物質及び裾切値一覧
1185-55-3,トリメトキシ（メチル）シラン,1185-55-3,R8.4時点適用対象物質及び裾切値一覧
118712-89-3,２，３，５，６－テトラフルオロベンジル＝（１Ｒ，３Ｓ）－３－（２，２－ジクロロビニル）－２，２－ジメチルシクロプロパンカルボキシラート,118712-89-3,R9.4追加等対象物質及び裾切値一覧
119-06-2,フタル酸ジトリデシル,119-06-2,R9.4追加等対象物質及び裾切値一覧
119-12-0,チオりん酸Ｏ，Ｏ－ジエチル－Ｏ－（６－オキソ－１－フェニル－１，６－ジヒドロ－３－ピリダジニル）（別名ピリダフェンチオン）,119-12-0,R8.4時点適用対象物質及び裾切値一覧
119-36-8,サリチル酸メチル,119-36-8,R9.4追加等対象物質及び裾切値一覧
119-38-0,３－メチル－１－（プロパン－２－イル）－１Ｈ－ピラゾール－５－イル＝ジメチルカルバマート,119-38-0,R8.4時点適用対象物質及び裾切値一覧
119-47-1,２，２’－メチレンビス（４－メチル－６－ターシャリ－ブチルフェノール）,119-47-1,R9.4追加等対象物質及び裾切値一覧
119-61-9,ベンゾフェノン,119-61-9,R8.4時点適用対象物質及び裾切値一覧
119-64-2,１，２，３，４－テトラヒドロナフタレン,119-64-2,R8.4時点適用対象物質及び裾切値一覧
119-65-3,イソキノリン,119-65-3,R8.4時点適用対象物質及び裾切値一覧
119-90-4,ジアニシジン及びその塩,119-90-4,R8.4時点適用対象物質及び裾切値一覧
119-93-7,オルト－トリジン及びその塩,119-93-7,R8.4時点適用対象物質及び裾切値一覧
119168-77-3,Ｎ－（４－ターシャリ－ブチルベンジル）－４－クロロ－３－エチル－１－メチルピラゾール－５－カルボキサミド（別名テブフェンピラド）,119168-77-3,R8.4時点適用対象物質及び裾切値一覧
119313-12-1,２－ベンジル－２－（ジメチルアミノ）－１－（４－モルホリノフェニル）ブタン－１－オン,119313-12-1,R8.4時点適用対象物質及び裾切値一覧
119344-86-4,２－（Ｎ，Ｎ－ジメチルアミノ）－２－（４－メチルベンジル）－１－（４－モルホリノフェニル）ブタン－１－オン,119344-86-4,R10.4追加等対象物質及び裾切値一覧
1194-65-6,２，６－ジクロロベンゾニトリル（別名ジクロベニル又はＤＢＮ）,1194-65-6,R8.4時点適用対象物質及び裾切値一覧
119446-68-3,１－［［２－［２－クロロ－４－（４－クロロフェノキシ）フェニル］－４－メチル－１，３－ジオキソラン－２－イル］メチル］－１Ｈ－１，２，４－トリアゾール（別名ジフェノコナゾール）,119446-68-3,R8.4時点適用対象物質及び裾切値一覧
120-12-7,アントラセン,120-12-7,R8.4時点適用対象物質及び裾切値一覧
120-14-9,３，４－ジメトキシベンズアルデヒド,120-14-9,R8.4時点適用対象物質及び裾切値一覧
120-32-1,２－ベンジル－４－クロロフェノール（別名クロロフェン）,120-32-1,R8.4時点適用対象物質及び裾切値一覧
120-36-5,（ＲＳ）－２－（２，４－ジクロロフェノキシ）プロピオン酸（別名ジクロルプロップ）,120-36-5,R8.4時点適用対象物質及び裾切値一覧
120-51-4,安息香酸ベンジル,120-51-4,R8.4時点適用対象物質及び裾切値一覧
120-61-6,テレフタル酸ジメチル,120-61-6,R8.4時点適用対象物質及び裾切値一覧
120-71-8,２－メトキシ－５－メチルアニリン,120-71-8,R8.4時点適用対象物質及び裾切値一覧
120-72-9,インドール,120-72-9,R8.4時点適用対象物質及び裾切値一覧
120-78-5,ジ（ベンゾチアゾール－２－イル）ジスルフィド,120-78-5,R8.4時点適用対象物質及び裾切値一覧
120-80-9,カテコール,120-80-9,R8.4時点適用対象物質及び裾切値一覧
120-82-1,１，２，４－トリクロロベンゼン,120-82-1,R8.4時点適用対象物質及び裾切値一覧
120-83-2,２，４－ジクロロフェノール,120-83-2,R8.4時点適用対象物質及び裾切値一覧
120-92-3,シクロペンタノン,120-92-3,R8.4時点適用対象物質及び裾切値一覧
120-95-6,２，４－ジ－ターシャリ－ペンチルフェノール,120-95-6,R8.4時点適用対象物質及び裾切値一覧
120068-37-3,５－アミノ－１－［２，６－ジクロロ－４－（トリフルオロメチル）フェニル］－３－シアノ－４－［（トリフルオロメチル）スルフィニル］ピラゾール（別名フィプロニル）,120068-37-3,R8.4時点適用対象物質及び裾切値一覧
12007-89-5,ほう酸アンモニウム,12007-89-5,R8.4時点適用対象物質及び裾切値一覧
1205-17-0,３－（１，３－ベンゾジオキソール－５－イル）－２－メチルプロパナール,1205-17-0,R9.4追加等対象物質及び裾切値一覧
12071-83-9,Ｎ，Ｎ’－プロピレンビス（ジチオカルバミン酸）と亜鉛の重合物（別名プロピネブ）,12071-83-9,R8.4時点適用対象物質及び裾切値一覧
12079-65-1,シクロペンタジエニルトリカルボニルマンガン,12079-65-1,R8.4時点適用対象物質及び裾切値一覧
121-03-9,２－メチル－５－ニトロベンゼンスルホン酸,121-03-9,R8.4時点適用対象物質及び裾切値一覧
121-14-2,２，４－ジニトロトルエン,121-14-2,R8.4時点適用対象物質及び裾切値一覧
121-29-9,（Ｓ）－２－メチル－４－オキソ－３－［（Ｚ）－ペンタ－２，４－ジエン－１－イル］シクロペンタ－２－エン－１－イル＝（１Ｒ，３Ｒ）－３－［（Ｅ）－３－メトキシ－２－メチル－３－オキソプロパ－１－エン－１－イル］－２，２－ジメチルシクロプロパンカルボキシラート,121-29-9,R8.4時点適用対象物質及び裾切値一覧
121-33-5,４－ヒドロキシ－３－メトキシベンズアルデヒド,121-33-5,R8.4時点適用対象物質及び裾切値一覧
121-43-7,ほう酸トリメチル,121-43-7,R8.4時点適用対象物質及び裾切値一覧
121-44-8,トリエチルアミン,121-44-8,R8.4時点適用対象物質及び裾切値一覧
121-45-9,亜りん酸トリメチル,121-45-9,R8.4時点適用対象物質及び裾切値一覧
121-54-0,Ｎ－ベンジル－Ｎ，Ｎ－ジメチル－２－［２－［４－（２，４，４－トリメチルペンタン－２－イル）フェノキシ］エトキシ］エタン－１－アミニウム＝クロリド,121-54-0,R8.4時点適用対象物質及び裾切値一覧
121-57-3,パラ－アミノベンゼンスルホン酸,121-57-3,R8.4時点適用対象物質及び裾切値一覧
121-69-7,Ｎ，Ｎ－ジメチルアニリン,121-69-7,R8.4時点適用対象物質及び裾切値一覧
121-75-5,ジチオりん酸Ｏ，Ｏ－ジメチル－Ｓ－１，２－ビス（エトキシカルボニル）エチル（別名マラチオン）,121-75-5,R8.4時点適用対象物質及び裾切値一覧
121-79-9,プロパ－１－イル＝３，４，５－トリヒドロキシベンゾアート,121-79-9,R8.4時点適用対象物質及び裾切値一覧
121-82-4,ヘキサヒドロ－１，３，５－トリニトロ－１，３，５－トリアジン（別名シクロナイト）,121-82-4,R8.4時点適用対象物質及び裾切値一覧
121-92-6,メタ－ニトロ安息香酸,121-92-6,R8.4時点適用対象物質及び裾切値一覧
12108-13-3,２－メチルシクロペンタジエニルトリカルボニルマンガン,12108-13-3,R8.4時点適用対象物質及び裾切値一覧
121158-58-5,ドデシルフェノール（イソドデシルフェノールを除く。）,"27459-10-5,57427-55-1,121158-58-5,27193-86-8",R9.4追加等対象物質及び裾切値一覧
12122-67-7,Ｎ，Ｎ’－エチレンビス（ジチオカルバミン酸）亜鉛（別名ジネブ）,12122-67-7,R8.4時点適用対象物質及び裾切値一覧
12124-97-9,臭化アンモニウム,12124-97-9,R9.4追加等対象物質及び裾切値一覧
12125-02-9,塩化アンモニウム,12125-02-9,R8.4時点適用対象物質及び裾切値一覧
1214-39-7,６－（ベンジルアミノ）プリン,1214-39-7,R8.4時点適用対象物質及び裾切値一覧
121552-61-2,４－シクロプロピル－６－メチル－Ｎ－フェニルピリミジン－２－アミン（別名シプロジニル）,121552-61-2,R9.4追加等対象物質及び裾切値一覧
12174-11-7,パリゴルスカイト（別名アタパルジャイト）,12174-11-7,R8.4時点適用対象物質及び裾切値一覧
12185-10-3,黄りん,12185-10-3,R8.4時点適用対象物質及び裾切値一覧
122-00-9,パラ－メチルアセトフェノン,122-00-9,R8.4時点適用対象物質及び裾切値一覧
122-03-2,クミンアルデヒド,122-03-2,R8.4時点適用対象物質及び裾切値一覧
122-14-5,チオりん酸Ｏ，Ｏ－ジメチル－Ｏ－（３－メチル－４－ニトロフェニル）（別名フェニトロチオン）,122-14-5,R8.4時点適用対象物質及び裾切値一覧
122-18-9,アルキル（ベンジル）（ジメチル）アンモニウム=クロリド（アルキル基の炭素数が１２から１６までのもの及びその混合物に限る。）,"122-18-9,139-07-1,139-08-2,68424-85-1,85409-22-9",R9.4追加等対象物質及び裾切値一覧
122-19-0,ベンジル（ジメチル）（オクタデシル）アンモニウム＝クロリド,122-19-0,R9.4追加等対象物質及び裾切値一覧
122-20-3,トリイソプロパノールアミン,122-20-3,R8.4時点適用対象物質及び裾切値一覧
122-34-9,２－クロロ－４，６－ビス（エチルアミノ）－１，３，５－トリアジン（別名シマジン又はＣＡＴ）,122-34-9,R8.4時点適用対象物質及び裾切値一覧
122-39-4,ジフェニルアミン,122-39-4,R8.4時点適用対象物質及び裾切値一覧
122-40-7,２－ベンジリデンヘプタナール,122-40-7,R8.4時点適用対象物質及び裾切値一覧
122-51-0,トリエトキシメタン,122-51-0,R8.4時点適用対象物質及び裾切値一覧
122-52-1,亜りん酸トリエチル,122-52-1,R8.4時点適用対象物質及び裾切値一覧
122-60-1,２，３－エポキシプロピル＝フェニルエーテル,122-60-1,R8.4時点適用対象物質及び裾切値一覧
122-66-7,１，２－ジフェニルヒドラジン,122-66-7,R8.4時点適用対象物質及び裾切値一覧
122-88-3,４－クロロフェノキシ酢酸,122-88-3,R8.4時点適用対象物質及び裾切値一覧
122-99-6,２－フェノキシエタノール,122-99-6,R8.4時点適用対象物質及び裾切値一覧
122008-85-9,ブチル＝（Ｒ）－２－［４－（４－シアノ－２－フルオロフェノキシ）フェノキシ］プロピオナート（別名シハロホップブチル）,122008-85-9,R8.4時点適用対象物質及び裾切値一覧
1222-05-5,４，６，６，７，８，８－ヘキサメチル－１，３，４，６，７，８－ヘキサヒドロシクロペンタ［ｇ］イソクロメン,1222-05-5,R8.4時点適用対象物質及び裾切値一覧
122453-73-0,４－ブロモ－２－（４－クロロフェニル）－１－エトキシメチル－５－（トリフルオロメチル）ピロール－３－カルボニトリル（別名クロルフェナピル）,122453-73-0,R8.4時点適用対象物質及び裾切値一覧
122548-33-8,１－（２－クロロイミダゾ［１，２－ａ］ピリジン－３－イルスルホニル）－３－（４，６－ジメトキシピリミジン－２－イル）尿素（別名イマゾスルフロン）,122548-33-8,R9.4追加等対象物質及び裾切値一覧
12280-03-4,十三酸化八ほう素二ナトリウム四水和物,12280-03-4,R8.4時点適用対象物質及び裾切値一覧
123-03-5,１－ヘキサデシルピリジン－１－イウム＝クロリド,123-03-5,R8.4時点適用対象物質及び裾切値一覧
123-07-9,パラ－エチルフェノール,123-07-9,R8.4時点適用対象物質及び裾切値一覧
123-11-5,パラ－アニスアルデヒド,123-11-5,R8.4時点適用対象物質及び裾切値一覧
123-15-9,２－メチルペンタナール,123-15-9,R8.4時点適用対象物質及び裾切値一覧
123-19-3,ジ－ノルマル－プロピルケトン,123-19-3,R8.4時点適用対象物質及び裾切値一覧
123-23-9,ジコハク酸ペルオキシド,123-23-9,R8.4時点適用対象物質及び裾切値一覧
123-30-8,パラ－アミノフェノール,123-30-8,R8.4時点適用対象物質及び裾切値一覧
123-31-9,ヒドロキノン,123-31-9,R8.4時点適用対象物質及び裾切値一覧
123-32-0,２，５－ジメチルピラジン,123-32-0,R8.4時点適用対象物質及び裾切値一覧
123-35-3,７－メチル－３－メチレン－１，６－オクタジエン,123-35-3,R8.4時点適用対象物質及び裾切値一覧
123-38-6,プロピオンアルデヒド,123-38-6,R8.4時点適用対象物質及び裾切値一覧
123-39-7,Ｎ－メチルホルムアミド,123-39-7,R8.4時点適用対象物質及び裾切値一覧
123-42-2,ジアセトンアルコール,123-42-2,R8.4時点適用対象物質及び裾切値一覧
123-51-3,イソペンチルアルコール（別名イソアミルアルコール）,123-51-3,R8.4時点適用対象物質及び裾切値一覧
123-54-6,アセチルアセトン,123-54-6,R8.4時点適用対象物質及び裾切値一覧
123-62-6,無水プロピオン酸,123-62-6,R8.4時点適用対象物質及び裾切値一覧
123-63-7,パラアルデヒド,123-63-7,R8.4時点適用対象物質及び裾切値一覧
123-66-0,ヘキサン酸エチル（別名カプロン酸エチル）,123-66-0,R8.4時点適用対象物質及び裾切値一覧
123-68-2,アリル＝ヘキサノアート,123-68-2,R8.4時点適用対象物質及び裾切値一覧
123-72-8,ブチルアルデヒド,123-72-8,R8.4時点適用対象物質及び裾切値一覧
123-73-9,２－ブテナール,123-73-9,R8.4時点適用対象物質及び裾切値一覧
123-75-1,ピロリジン,123-75-1,R8.4時点適用対象物質及び裾切値一覧
123-77-3,アゾジカルボンアミド,123-77-3,R8.4時点適用対象物質及び裾切値一覧
123-86-4,酢酸ブチル,"123-86-4,110-19-0,540-88-5,105-46-4",R8.4時点適用対象物質及び裾切値一覧
123-91-1,１，４－ジオキサン,123-91-1,R8.4時点適用対象物質及び裾切値一覧
123-92-2,酢酸ペンチル（別名酢酸アミル）,"628-63-7,123-92-2",R8.4時点適用対象物質及び裾切値一覧
123-96-6,２－オクタノール,123-96-6,R8.4時点適用対象物質及び裾切値一覧
123572-88-3,（ＲＳ）－５－クロロ－Ｎ－（１，３－ジヒドロ－１，１，３－トリメチルイソベンゾフラン－４－イル）－１，３－ジメチル－１Ｈ－ピラゾール－４－カルボキサミド（別名フラメトピル）,123572-88-3,R9.4追加等対象物質及び裾切値一覧
124-02-7,ジアリルアミン,124-02-7,R8.4時点適用対象物質及び裾切値一覧
124-04-9,アジピン酸,124-04-9,R8.4時点適用対象物質及び裾切値一覧
124-07-2,オクタン酸,124-07-2,R10.4追加等対象物質及び裾切値一覧
124-09-4,ヘキサメチレンジアミン,124-09-4,R8.4時点適用対象物質及び裾切値一覧
124-11-8,ノナ－１－エン,124-11-8,R8.4時点適用対象物質及び裾切値一覧
124-13-0,１－オクタナール,124-13-0,R8.4時点適用対象物質及び裾切値一覧
124-18-5,デカン,124-18-5,R8.4時点適用対象物質及び裾切値一覧
124-19-6,１－ノナナール,124-19-6,R8.4時点適用対象物質及び裾切値一覧
124-28-7,Ｎ，Ｎ－ジメチルオクタデシルアミン,124-28-7,R8.4時点適用対象物質及び裾切値一覧
124-30-1,オクタデカン－１－アミン,124-30-1,R8.4時点適用対象物質及び裾切値一覧
124-38-9,二酸化炭素,124-38-9,R8.4時点適用対象物質及び裾切値一覧
124-40-3,ジメチルアミン,124-40-3,R8.4時点適用対象物質及び裾切値一覧
124-41-4,ナトリウムメトキシド,124-41-4,R8.4時点適用対象物質及び裾切値一覧
124-43-6,過酸化尿素,124-43-6,R8.4時点適用対象物質及び裾切値一覧
124-47-0,硝酸尿素,124-47-0,R8.4時点適用対象物質及び裾切値一覧
124-48-1,ジブロモクロロメタン,124-48-1,R8.4時点適用対象物質及び裾切値一覧
124-63-0,メタンスルホニル＝クロリド,124-63-0,R8.4時点適用対象物質及び裾切値一覧
124-68-5,２－アミノ－２－メチル－１－プロパノール,124-68-5,R8.4時点適用対象物質及び裾切値一覧
1241-94-7,りん酸（２－エチルヘキシル）ジフェニル,1241-94-7,R8.4時点適用対象物質及び裾切値一覧
12427-38-2,Ｎ，Ｎ’－エチレンビス（ジチオカルバミン酸）マンガン（別名マンネブ）,12427-38-2,R8.4時点適用対象物質及び裾切値一覧
125-12-2,ｒｅｌ－（１Ｒ，２Ｒ，４Ｒ）－１，７，７－トリメチルビシクロ［２．２．１］ヘプタン－２－イル＝アセタート（別名イソボルニル＝アセテート）,125-12-2,R9.4追加等対象物質及び裾切値一覧
12510-42-8,エリオナイト,12510-42-8,R8.4時点適用対象物質及び裾切値一覧
125225-28-7,（１ＲＳ，２ＳＲ，５ＲＳ；１ＲＳ，２ＳＲ，５ＳＲ）－２－（４－クロロベンジル）－５－イソプロピル－１－（１Ｈ－１，２，４－トリアゾール－１－イルメチル）シクロペンタノール,125225-28-7,R9.4追加等対象物質及び裾切値一覧
125306-83-4,Ｎ，Ｎ－ジエチル－３－（２，４，６－トリメチルフェニルスルホニル）－１Ｈ－１，２，４－トリアゾール－１－カルボキサミド（別名カフェンストロール）,125306-83-4,R8.4時点適用対象物質及び裾切値一覧
126-07-8,（１’Ｓ－トランス）－７－クロロ－２’，４，６－トリメトキシ－６’－メチルスピロ［ベンゾフラン－２（３Ｈ），１’－シクロヘキサ－２’－エン］－３，４’－ジオン（別名グリセオフルビン）,126-07-8,R8.4時点適用対象物質及び裾切値一覧
126-33-0,テトラヒドロチオフェン－１，１－ジオキシド,126-33-0,R8.4時点適用対象物質及び裾切値一覧
126-72-7,りん酸トリス（２，３－ジブロモプロピル）,126-72-7,R8.4時点適用対象物質及び裾切値一覧
126-73-8,りん酸トリ－ノルマル－ブチル,126-73-8,R8.4時点適用対象物質及び裾切値一覧
126-85-2,Ｎ，Ｎ－ビス（２－クロロエチル）メチルアミン－Ｎ－オキシド,126-85-2,R8.4時点適用対象物質及び裾切値一覧
126-98-7,メタクリロニトリル,126-98-7,R8.4時点適用対象物質及び裾切値一覧
126-99-8,２－クロロ－１，３－ブタジエン,126-99-8,R8.4時点適用対象物質及び裾切値一覧
12604-58-9,フェロバナジウム,12604-58-9,R8.4時点適用対象物質及び裾切値一覧
126833-17-8,Ｎ－（２，３－ジクロロ－４－ヒドロキシフェニル）－１－メチルシクロヘキサンカルボキサミド（別名フェンヘキサミド）,126833-17-8,R8.4時点適用対象物質及び裾切値一覧
127-00-4,１－クロロ－２－プロパノール,127-00-4,R8.4時点適用対象物質及び裾切値一覧
127-18-4,テトラクロロエチレン（別名パークロルエチレン）,127-18-4,R8.4時点適用対象物質及び裾切値一覧
127-19-5,Ｎ，Ｎ－ジメチルアセトアミド,127-19-5,R8.4時点適用対象物質及び裾切値一覧
127-51-5,３－メチル－４－（２，６，６－トリメチルシクロヘキサ－２－エン－１－イル）ブタ－３－エン－２－オン,127-51-5,R9.4追加等対象物質及び裾切値一覧
127-68-4,３－ニトロベンゼンスルホン酸ナトリウム,127-68-4,R8.4時点適用対象物質及び裾切値一覧
127-91-3,ベータ－ピネン,127-91-3,R8.4時点適用対象物質及び裾切値一覧
128-04-1,ジメチルジチオカルバミン酸ナトリウム,128-04-1,R8.4時点適用対象物質及び裾切値一覧
128-37-0,２，６－ジ－ターシャリ－ブチル－４－クレゾール,128-37-0,R8.4時点適用対象物質及び裾切値一覧
128-62-1,ノスカピン,128-62-1,R8.4時点適用対象物質及び裾切値一覧
128639-02-1,エチル＝２－クロロ－３－［２－クロロ－５－［４－（ジフルオロメチル）－３－メチル－５－オキソ－４，５－ジヒドロ－１Ｈ－１，２，４－トリアゾール－１－イル］－４－フルオロフェニル］プロパノアート,128639-02-1,R8.4時点適用対象物質及び裾切値一覧
129-15-7,２－メチル－１－ニトロアントラキノン,129-15-7,R8.4時点適用対象物質及び裾切値一覧
129-43-1,１－ヒドロキシアントラキノン,129-43-1,R8.4時点適用対象物質及び裾切値一覧
129-66-8,２，４，６－トリニトロ安息香酸,129-66-8,R8.4時点適用対象物質及び裾切値一覧
129-67-9,二ナトリウム＝７－オキサビシクロ［２．２．１］ヘプタン－２，３－ジカルボキシラート,129-67-9,R8.4時点適用対象物質及び裾切値一覧
129-73-7,４，４’－ビス（ジメチルアミノ）トリフェニルメタン,129-73-7,R8.4時点適用対象物質及び裾切値一覧
129558-76-5,４－クロロ－３－エチル－１－メチル－Ｎ－［４－（パラトリルオキシ）ベンジル］ピラゾール－５－カルボキサミド（別名トルフェンピラド）,129558-76-5,R8.4時点適用対象物質及び裾切値一覧
130-15-4,ナフタレン－１，４－ジオン,130-15-4,R8.4時点適用対象物質及び裾切値一覧
1300-73-8,キシリジン,"1300-73-8,87-59-2,95-68-1,95-78-3,87-62-7,95-64-7,108-69-0",R8.4時点適用対象物質及び裾切値一覧
130000-40-7,２’，６’－ジブロモ－２－メチル－４’－トリフルオロメトキシ－４－トリフルオロメチル－１，３－チアゾール－５－カルボキサニリド（別名チフルザミド）,130000-40-7,R8.4時点適用対象物質及び裾切値一覧
13010-47-4,Ｎ－（２－クロロエチル）－Ｎ’－シクロヘキシル－Ｎ－ニトロソ尿素,13010-47-4,R8.4時点適用対象物質及び裾切値一覧
1302-74-5,エメリー,1302-74-5,R8.4時点適用対象物質及び裾切値一覧
1303-86-2,三酸化二ほう素,1303-86-2,R8.4時点適用対象物質及び裾切値一覧
1304-29-6,過酸化バリウム,1304-29-6,R8.4時点適用対象物質及び裾切値一覧
1304-76-3,酸化ビスマス（Ⅲ）,1304-76-3,R8.4時点適用対象物質及び裾切値一覧
1304-85-4,硝酸水酸化ビスマス（Ⅲ）（別名次硝酸ビスマス）,1304-85-4,R8.4時点適用対象物質及び裾切値一覧
13048-33-4,二アクリル酸ヘキサメチレン,13048-33-4,R8.4時点適用対象物質及び裾切値一覧
1305-62-0,水酸化カルシウム,1305-62-0,R8.4時点適用対象物質及び裾切値一覧
1305-78-8,酸化カルシウム,1305-78-8,R8.4時点適用対象物質及び裾切値一覧
1305-79-9,過酸化カルシウム,1305-79-9,R8.4時点適用対象物質及び裾切値一覧
1305-99-3,りん化石灰,1305-99-3,R8.4時点適用対象物質及び裾切値一覧
1306-38-3,酸化セリウム（Ⅳ）,1306-38-3,R8.4時点適用対象物質及び裾切値一覧
13067-93-1,Ｏ－（４－シアノフェニル）＝Ｏ－エチル＝フェニルホスホノチオアート,13067-93-1,R8.4時点適用対象物質及び裾切値一覧
13071-79-9,ジチオりん酸Ｏ，Ｏ－ジエチル－Ｓ－（ターシャリ－ブチルチオメチル）（別名テルブホス）,13071-79-9,R8.4時点適用対象物質及び裾切値一覧
1309-37-1,酸化鉄,1309-37-1,R8.4時点適用対象物質及び裾切値一覧
1309-48-4,酸化マグネシウム,1309-48-4,R8.4時点適用対象物質及び裾切値一覧
1309-64-4,三酸化二アンチモン,1309-64-4,R8.4時点適用対象物質及び裾切値一覧
131-11-3,フタル酸ジメチル,131-11-3,R8.4時点適用対象物質及び裾切値一覧
131-17-9,フタル酸ジアリル,131-17-9,R8.4時点適用対象物質及び裾切値一覧
131-18-0,フタル酸ジペンチル,131-18-0,R8.4時点適用対象物質及び裾切値一覧
131-52-2,ペンタクロロフェノールナトリウム塩,131-52-2,R8.4時点適用対象物質及び裾切値一覧
131-57-7,（２－ヒドロキシ－４－メトキシフェニル）（フェニル）メタノン,131-57-7,R8.4時点適用対象物質及び裾切値一覧
131-72-6,２，４－ジニトロ－６－（オクタン－２－イル）フェニル＝（Ｅ）－２－ブテノアート（別名メプチルジノカップ）,131-72-6,R8.4時点適用対象物質及び裾切値一覧
131-73-7,ビス（２，４，６－トリニトロフェニル）アミン,131-73-7,R8.4時点適用対象物質及び裾切値一覧
131-74-8,ピクリン酸アンモニウム,131-74-8,R8.4時点適用対象物質及び裾切値一覧
131-89-5,２，４－ジニトロ－６－シクロヘキシルフェノール,131-89-5,R8.4時点適用対象物質及び裾切値一覧
1310-58-3,水酸化カリウム,1310-58-3,R8.4時点適用対象物質及び裾切値一覧
1310-65-2,水酸化リチウム,1310-65-2,R8.4時点適用対象物質及び裾切値一覧
1310-73-2,水酸化ナトリウム,1310-73-2,R8.4時点適用対象物質及び裾切値一覧
1312-73-8,硫化カリウム,1312-73-8,R8.4時点適用対象物質及び裾切値一覧
1313-60-6,過酸化ナトリウム,1313-60-6,R8.4時点適用対象物質及び裾切値一覧
1313-82-2,硫化ナトリウム,1313-82-2,R8.4時点適用対象物質及び裾切値一覧
131341-86-1,４－（２，２－ジフルオロ－１，３－ベンゾジオキソール－４－イル）－１Ｈ－ピロール－３－カルボニトリル（別名フルジオキソニル）,131341-86-1,R8.4時点適用対象物質及び裾切値一覧
1314-13-2,酸化亜鉛,1314-13-2,R8.4時点適用対象物質及び裾切値一覧
1314-18-7,過酸化ストロンチウム,1314-18-7,R8.4時点適用対象物質及び裾切値一覧
1314-22-3,過酸化亜鉛,1314-22-3,R8.4時点適用対象物質及び裾切値一覧
1314-34-7,三酸化バナジウム,1314-34-7,R8.4時点適用対象物質及び裾切値一覧
1314-35-8,酸化タングステン（Ⅵ）,1314-35-8,R8.4時点適用対象物質及び裾切値一覧
1314-56-3,酸化りん（Ⅴ）（別名五酸化二りん）,1314-56-3,R8.4時点適用対象物質及び裾切値一覧
1314-62-1,五酸化バナジウム,1314-62-1,R8.4時点適用対象物質及び裾切値一覧
1314-80-3,硫化りん,"1314-80-3,1314-85-8",R8.4時点適用対象物質及び裾切値一覧
1314-84-7,りん化亜鉛,1314-84-7,R8.4時点適用対象物質及び裾切値一覧
1314-85-8,硫化りん,"1314-80-3,1314-85-8",R8.4時点適用対象物質及び裾切値一覧
131475-57-5,（ＲＳ）－Ｎ－［２－（３，５－ジメチルフェノキシ）－１－メチルエチル］－６－（１－フルオロ－１－メチルエチル）－１，３，５－トリアジン－２，４－ジアミン（別名トリアジフラム）,131475-57-5,R9.4追加等対象物質及び裾切値一覧
13171-21-6,ジメチル－（ジエチルアミド－１－クロルクロトニル）－ホスフェイト,13171-21-6,R8.4時点適用対象物質及び裾切値一覧
1318-02-1,ゼオライト,1318-02-1,R8.4時点適用対象物質及び裾切値一覧
131860-33-8,メチル＝（Ｅ）－２－［２－［６－（２－シアノフェノキシ）ピリミジン－４－イルオキシ］フェニル］－３－メトキシアクリラート（別名アゾキシストロビン）,131860-33-8,R8.4時点適用対象物質及び裾切値一覧
13189-00-9,亜鉛＝ビス（２－メチルプロパ－２－エノアート）,13189-00-9,R9.4追加等対象物質及び裾切値一覧
1319-77-3,クレゾール,"1319-77-3,95-48-7,108-39-4,106-44-5",R8.4時点適用対象物質及び裾切値一覧
13194-48-4,Ｏ－エチル＝Ｓ，Ｓ－ジプロピル＝ホスホロジチオアート（別名エトプロホス）,13194-48-4,R8.4時点適用対象物質及び裾切値一覧
132-27-4,ナトリウム＝１，１’－ビフェニル－２－オラート,132-27-4,R8.4時点適用対象物質及び裾切値一覧
132-32-1,３－アミノ－Ｎ－エチルカルバゾール,132-32-1,R8.4時点適用対象物質及び裾切値一覧
132-65-0,ジベンゾ［ｂ，ｄ］チオフェン,132-65-0,R8.4時点適用対象物質及び裾切値一覧
1321-12-6,ニトロトルエン,1321-12-6,R8.4時点適用対象物質及び裾切値一覧
1321-64-8,ペンタクロロナフタレン,1321-64-8,R8.4時点適用対象物質及び裾切値一覧
1321-65-9,トリクロロナフタレン,1321-65-9,R8.4時点適用対象物質及び裾切値一覧
1321-74-0,ジビニルベンゼン,"1321-74-0,108-57-6,105-06-6",R8.4時点適用対象物質及び裾切値一覧
1322-98-1,デシルベンゼンスルホン酸及びそのナトリウム塩,"31093-47-7,1322-98-1",R8.4時点適用対象物質及び裾切値一覧
13256-22-9,Ｎ－メチル－Ｎ－ニトロソグリシン,13256-22-9,R8.4時点適用対象物質及び裾切値一覧
133-06-2,Ｎ－（トリクロロメチルチオ）－１，２，３，６－テトラヒドロフタルイミド（別名キャプタン）,133-06-2,R8.4時点適用対象物質及び裾切値一覧
133-07-3,Ｎ－（トリクロロメチルチオ）フタルイミド,133-07-3,R8.4時点適用対象物質及び裾切値一覧
133-32-4,４－（１Ｈ－インドール－３－イル）ブタン酸,133-32-4,R8.4時点適用対象物質及び裾切値一覧
1330-20-7,キシレン,"1330-20-7,95-47-6,108-38-3,106-42-3",R8.4時点適用対象物質及び裾切値一覧
1330-43-4,ほう酸及びそのナトリウム塩,"10043-35-3,1330-43-4",R8.4時点適用対象物質及び裾切値一覧
1330-78-5,りん酸トリトリル（りん酸トリ（オルト－トリル）を除く。）,1330-78-5,R8.4時点適用対象物質及び裾切値一覧
1331-22-2,メチルシクロヘキサノン,1331-22-2,R8.4時点適用対象物質及び裾切値一覧
1331-61-9,ドデシルベンゼンスルホン酸のアンモニウム塩及びナトリウム塩,"1331-61-9,25155-30-0",R8.4時点適用対象物質及び裾切値一覧
13311-84-7,２－メチル－Ｎ－［４－ニトロ－３－（トリフルオロメチル）フェニル］プロパンアミド（別名フルタミド）,13311-84-7,R8.4時点適用対象物質及び裾切値一覧
1332-07-6,ほう酸亜鉛,1332-07-6,R8.4時点適用対象物質及び裾切値一覧
133220-30-1,（ＲＳ）－２－［２－（３－クロロフェニル）－２，３－エポキシプロピル］－２－エチルインダン－１，３－ジオン（別名インダノファン）,133220-30-1,R8.4時点適用対象物質及び裾切値一覧
1333-74-0,水素,1333-74-0,R8.4時点適用対象物質及び裾切値一覧
1333-86-4,カーボンブラック,1333-86-4,R8.4時点適用対象物質及び裾切値一覧
133408-50-1,（Ｅ）－２－メトキシイミノ－Ｎ－メチル－２－（２－フェノキシフェニル）アセトアミド（別名メトミノストロビン）,133408-50-1,R8.4時点適用対象物質及び裾切値一覧
1335-87-1,ヘキサクロロナフタレン,1335-87-1,R8.4時点適用対象物質及び裾切値一覧
1335-88-2,テトラクロロナフタレン,1335-88-2,R8.4時点適用対象物質及び裾切値一覧
13360-57-1,ジメチルスルファモイル＝クロリド,13360-57-1,R10.4追加等対象物質及び裾切値一覧
1338-23-4,エチルメチルケトンペルオキシド,1338-23-4,R8.4時点適用対象物質及び裾切値一覧
134-29-2,オルト－アニシジン及びその塩酸塩,"90-04-0,134-29-2",R8.4時点適用対象物質及び裾切値一覧
134-32-7,アルファ－ナフチルアミン及びその塩,134-32-7,R8.4時点適用対象物質及び裾切値一覧
134-62-3,Ｎ，Ｎ－ジエチル－３－メチルベンズアミド,134-62-3,R8.4時点適用対象物質及び裾切値一覧
134074-64-9,［２－［３－（４－クロロフェニル）プロピル］－２，４，４－トリメチル－１，３－オキサゾリジン－３－イル］（１Ｈ－イミダゾール－１－イル）メタノン,134074-64-9,R9.4追加等対象物質及び裾切値一覧
134098-61-6,ターシャリ－ブチル＝４－［［［（１，３－ジメチル－５－フェノキシ－４－ピラゾリル）メチリデン］アミノオキシ］メチル］ベンゾアート（別名フェンピロキシメート）,134098-61-6,R8.4時点適用対象物質及び裾切値一覧
1344-08-7,多硫化ナトリウム,1344-08-7,R8.4時点適用対象物質及び裾切値一覧
13446-18-9,硝酸マグネシウム及びその六水和物,"10377-60-3,13446-18-9",R8.4時点適用対象物質及び裾切値一覧
13453-07-1,塩化金（Ⅲ）（別名塩化第二金）,13453-07-1,R8.4時点適用対象物質及び裾切値一覧
13457-18-6,エチル＝２－ジエトキシチオホスホリルオキシ－５－メチルピラゾロ［１，５－ａ］ピリミジン－６－カルボキシラート（別名ピラゾホス）,13457-18-6,R8.4時点適用対象物質及び裾切値一覧
13463-40-6,ペンタカルボニル鉄,13463-40-6,R8.4時点適用対象物質及び裾切値一覧
13463-41-7,（Ｔ－４）－ビス［２－（チオキソ－カッパＳ）－ピリジン－１（２Ｈ）－オラト－カッパＯ］亜鉛（Ⅱ）,13463-41-7,R8.4時点適用対象物質及び裾切値一覧
13463-67-7,酸化チタン（Ⅳ）,13463-67-7,R8.4時点適用対象物質及び裾切値一覧
13477-10-6,次亜塩素酸バリウム,13477-10-6,R9.4追加等対象物質及び裾切値一覧
135-01-3,ジエチルベンゼン,"135-01-3,141-93-5,105-05-5",R8.4時点適用対象物質及び裾切値一覧
135-19-3,ベタナフトール,135-19-3,R8.4時点適用対象物質及び裾切値一覧
135-20-6,Ｎ－ニトロソフェニルヒドロキシルアミンアンモニウム塩,135-20-6,R8.4時点適用対象物質及び裾切値一覧
135-88-6,Ｎ－フェニル－２－ナフチルアミン,135-88-6,R8.4時点適用対象物質及び裾切値一覧
135-98-8,セカンダリ－ブチルベンゼン,135-98-8,R8.4時点適用対象物質及び裾切値一覧
13516-27-3,１，１’－［イミノジ（オクタメチレン）］ジグアニジン（別名イミノクタジン）,13516-27-3,R8.4時点適用対象物質及び裾切値一覧
13517-20-9,過ほう酸ナトリウム並びにその一水和物、三水和物及び四水和物,"7632-04-4,10332-33-9,10486-00-7,13517-20-9",R8.4時点適用対象物質及び裾切値一覧
13517-24-3,メタけい酸ナトリウム並びにその五水和物及び九水和物,"6834-92-0,10213-79-3,13517-24-3",R8.4時点適用対象物質及び裾切値一覧
13523-86-9,１－（１Ｈ－インドール－４－イルオキシ）－３－（イソプロピルアミノ）プロパン－２－オール,13523-86-9,R8.4時点適用対象物質及び裾切値一覧
13547-70-1,１－クロロ－３，３－ジメチル－２－ブタノン,13547-70-1,R8.4時点適用対象物質及び裾切値一覧
13593-03-8,チオりん酸Ｏ，Ｏ－ジエチル－Ｏ－２－キノキサリニル,13593-03-8,R8.4時点適用対象物質及び裾切値一覧
13598-36-2,亜りん酸,13598-36-2,R8.4時点適用対象物質及び裾切値一覧
136-40-3,３－（フェニルジアゼニル）ピリジン－２，６－ジアミン一塩酸塩,136-40-3,R8.4時点適用対象物質及び裾切値一覧
136-78-7,２，４－ジクロロフェノキシエチル硫酸ナトリウム,136-78-7,R8.4時点適用対象物質及び裾切値一覧
136-99-2,２－（２－ウンデシル－４，５－ジヒドロ－１Ｈ－イミダゾール－１－イル）エタノール,136-99-2,R9.4追加等対象物質及び裾切値一覧
136191-64-5,メチル＝２－（４，６－ジメトキシ－２－ピリミジニルオキシ）－６－［１－（メトキシイミノ）エチル］ベンゾアート（別名ピリミノバックメチル）,136191-64-5,R8.4時点適用対象物質及び裾切値一覧
13674-84-5,りん酸トリス（２－クロロ－１－メチルエチル）,13674-84-5,R8.4時点適用対象物質及び裾切値一覧
13674-87-8,りん酸トリス（１，３－ジクロロ－２－プロピル）,13674-87-8,R8.4時点適用対象物質及び裾切値一覧
13684-56-5,エチル＝３－フェニルカルバモイルオキシカルバニラート（別名デスメディファム）,13684-56-5,R8.4時点適用対象物質及び裾切値一覧
13684-63-4,３－メトキシカルボニルアミノフェニル＝３’－メチルカルバニラート（別名フェンメディファム）,13684-63-4,R8.4時点適用対象物質及び裾切値一覧
137-05-3,２－シアノアクリル酸メチル,137-05-3,R8.4時点適用対象物質及び裾切値一覧
137-07-5,２－アミノベンゼンチオール,137-07-5,R8.4時点適用対象物質及び裾切値一覧
137-09-7,２，４－ジアミノフェノール二塩酸塩,137-09-7,R8.4時点適用対象物質及び裾切値一覧
137-17-7,２，４，５－トリメチルアニリン,137-17-7,R8.4時点適用対象物質及び裾切値一覧
137-26-8,テトラメチルチウラムジスルフィド（別名チウラム）,137-26-8,R8.4時点適用対象物質及び裾切値一覧
137-30-4,ビス（Ｎ，Ｎ－ジメチルジチオカルバミン酸）亜鉛（別名ジラム）,137-30-4,R8.4時点適用対象物質及び裾切値一覧
137-32-6,２－メチルブタン－１－オール,137-32-6,R8.4時点適用対象物質及び裾切値一覧
137-42-8,Ｎ－メチルジチオカルバミン酸ナトリウム（別名メタムナトリウム塩）,137-42-8,R8.4時点適用対象物質及び裾切値一覧
137-58-6,リドカイン,137-58-6,R8.4時点適用対象物質及び裾切値一覧
13701-59-2,メタホウ酸バリウム,13701-59-2,R10.4追加等対象物質及び裾切値一覧
13718-26-8,メタバナジン酸ナトリウム,13718-26-8,R8.4時点適用対象物質及び裾切値一覧
13775-53-6,ヘキサフルオロアルミン酸三ナトリウム,13775-53-6,R8.4時点適用対象物質及び裾切値一覧
13780-06-8,亜硝酸カルシウム,13780-06-8,R8.4時点適用対象物質及び裾切値一覧
138-22-7,乳酸ノルマル－ブチル,138-22-7,R8.4時点適用対象物質及び裾切値一覧
138-86-3,ジペンテン,138-86-3,R8.4時点適用対象物質及び裾切値一覧
138-89-6,Ｎ，Ｎ－ジメチル－４－ニトロソアニリン,138-89-6,R8.4時点適用対象物質及び裾切値一覧
13838-16-9,２－クロロ－１，１，２－トリフルオロエチルジフルオロメチルエーテル（別名エンフルラン）,13838-16-9,R8.4時点適用対象物質及び裾切値一覧
13840-33-0,次亜塩素酸リチウム,13840-33-0,R9.4追加等対象物質及び裾切値一覧
138526-69-9,５－ブロモ－１，２，３－トリフルオロベンゼン,138526-69-9,R8.4時点適用対象物質及び裾切値一覧
139-07-1,アルキル（ベンジル）（ジメチル）アンモニウム=クロリド（アルキル基の炭素数が１２から１６までのもの及びその混合物に限る。）,"122-18-9,139-07-1,139-08-2,68424-85-1,85409-22-9",R9.4追加等対象物質及び裾切値一覧
139-08-2,アルキル（ベンジル）（ジメチル）アンモニウム=クロリド（アルキル基の炭素数が１２から１６までのもの及びその混合物に限る。）,"122-18-9,139-07-1,139-08-2,68424-85-1,85409-22-9",R9.4追加等対象物質及び裾切値一覧
139-13-9,ニトリロ三酢酸,139-13-9,R8.4時点適用対象物質及び裾切値一覧
139-40-2,２－クロロ－４，６－ビス（イソプロピルアミノ）－１，３，５－トリアジン,139-40-2,R8.4時点適用対象物質及び裾切値一覧
139-65-1,４，４’－ジアミノジフェニルスルフィド,139-65-1,R8.4時点適用対象物質及び裾切値一覧
13909-09-6,Ｎ－（２－クロロエチル）－Ｎ’－（４－メチルシクロヘキシル）－Ｎ－ニトロソ尿素,13909-09-6,R8.4時点適用対象物質及び裾切値一覧
13925-07-0,２－エチル－３，５－ジメチルピラジン,13925-07-0,R8.4時点適用対象物質及び裾切値一覧
1395-21-7,サチライシン,"1395-21-7,9014-01-1",R8.4時点適用対象物質及び裾切値一覧
13952-84-6,セカンダリ－ブチルアミン,13952-84-6,R8.4時点適用対象物質及び裾切値一覧
13967-50-5,ジシアノ金（Ⅰ）酸カリウム,13967-50-5,R8.4時点適用対象物質及び裾切値一覧
13987-01-4,プロピレン三量体,13987-01-4,R8.4時点適用対象物質及び裾切値一覧
139920-32-4,（ＲＳ）－２－シアノ－Ｎ－［（Ｒ）－１－（２，４－ジクロロフェニル）エチル］－３，３－ジメチルブチラミド（別名ジクロシメット）,139920-32-4,R8.4時点適用対象物質及び裾切値一覧
140-01-2,五ナトリウム＝２，２’，２’’，２’’’－｛［ (カルボキシラトメチル) アザンジイル］ビス (エタン－２，１－ジイルニトリロ) ｝テトラアセタート」,140-01-2,R10.4追加等対象物質及び裾切値一覧
140-11-4,酢酸ベンジル,140-11-4,R8.4時点適用対象物質及び裾切値一覧
140-29-4,フェニルアセトニトリル（別名シアン化ベンジル）,140-29-4,R8.4時点適用対象物質及び裾切値一覧
140-31-8,Ｎ－アミノエチルピペラジン,140-31-8,R8.4時点適用対象物質及び裾切値一覧
140-56-7,硫酸パラジメチルアミノフェニルジアゾニウム及びそのナトリウム塩,140-56-7,R8.4時点適用対象物質及び裾切値一覧
140-57-8,亜硫酸＝１－［４－（ターシャリ－ブチル）フェノキシ］プロパン－２－イル＝（２－クロロエチル）,140-57-8,R8.4時点適用対象物質及び裾切値一覧
140-66-9,４－（１，１，３，３－テトラメチルブチル）フェノール,140-66-9,R8.4時点適用対象物質及び裾切値一覧
140-88-5,アクリル酸エチル,140-88-5,R8.4時点適用対象物質及び裾切値一覧
1402-68-2,アフラトキシン,1402-68-2,R8.4時点適用対象物質及び裾切値一覧
14047-09-7,ビス（３，４－ジクロロフェニル）ジアゼン,14047-09-7,R8.4時点適用対象物質及び裾切値一覧
141-05-9,マレイン酸ジエチル,141-05-9,R9.4追加等対象物質及び裾切値一覧
141-10-6,プソイドヨノン,141-10-6,R8.4時点適用対象物質及び裾切値一覧
141-30-0,３，６－ジクロロピリダジン,141-30-0,R8.4時点適用対象物質及び裾切値一覧
141-32-2,アクリル酸ノルマル－ブチル,141-32-2,R8.4時点適用対象物質及び裾切値一覧
141-43-5,２－アミノエタノール,141-43-5,R8.4時点適用対象物質及び裾切値一覧
141-66-2,りん酸ジメチル＝（Ｅ）－１－（Ｎ，Ｎ－ジメチルカルバモイル）－１－プロペン－２－イル（別名ジクロトホス）,141-66-2,R8.4時点適用対象物質及び裾切値一覧
141-75-3,ブチリル＝クロリド,141-75-3,R8.4時点適用対象物質及び裾切値一覧
141-78-6,酢酸エチル,141-78-6,R8.4時点適用対象物質及び裾切値一覧
141-79-7,酸化メシチル,141-79-7,R8.4時点適用対象物質及び裾切値一覧
141-82-2,マロン酸,141-82-2,R8.4時点適用対象物質及び裾切値一覧
141-90-2,２－チオウラシル,141-90-2,R8.4時点適用対象物質及び裾切値一覧
141-93-5,ジエチルベンゼン,"135-01-3,141-93-5,105-05-5",R8.4時点適用対象物質及び裾切値一覧
141-97-9,アセト酢酸エチル,141-97-9,R8.4時点適用対象物質及び裾切値一覧
141517-21-7,メチル＝（Ｅ）－メトキシイミノ－［２－［［［［（Ｅ）－１－［３－（トリフルオロメチル）フェニル］エチリデン］アミノ］オキシ］メチル］フェニル］アセタート（別名トリフロキシストロビン）,141517-21-7,R8.4時点適用対象物質及び裾切値一覧
142-04-1,アニリン塩酸塩,142-04-1,R8.4時点適用対象物質及び裾切値一覧
142-16-5,ビス（２－エチルヘキシル）＝（Ｚ）－ブタ－２－エンジオアート,142-16-5,R9.4追加等対象物質及び裾切値一覧
142-19-8,アリル＝ヘプタノアート,142-19-8,R8.4時点適用対象物質及び裾切値一覧
142-22-3,２，２’－オキシジエチルビス（アリルカルボナート）,142-22-3,R8.4時点適用対象物質及び裾切値一覧
142-28-9,１，３－ジクロロプロパン,142-28-9,R8.4時点適用対象物質及び裾切値一覧
142-29-0,シクロペンテン,142-29-0,R8.4時点適用対象物質及び裾切値一覧
142-59-6,二ナトリウム＝エタン－１，２－ジイルジカルバモジチオアート,142-59-6,R8.4時点適用対象物質及び裾切値一覧
142-62-1,ヘキサン酸,142-62-1,R8.4時点適用対象物質及び裾切値一覧
142-64-3,ピペラジン二塩酸塩,142-64-3,R8.4時点適用対象物質及び裾切値一覧
142-68-7,テトラヒドロピラン,142-68-7,R8.4時点適用対象物質及び裾切値一覧
142-82-5,ヘプタン,142-82-5,R8.4時点適用対象物質及び裾切値一覧
142-83-6,（２Ｅ，４Ｅ）－ヘキサ－２，４－ジエナール,142-83-6,R8.4時点適用対象物質及び裾切値一覧
142-84-7,ジプロピルアミン,142-84-7,R8.4時点適用対象物質及び裾切値一覧
142-92-7,酢酸ヘキシル,142-92-7,R8.4時点適用対象物質及び裾切値一覧
142-96-1,ブチルエーテル,142-96-1,R8.4時点適用対象物質及び裾切値一覧
14221-47-7,しゆう酸鉄（Ⅲ）三アンモニウム,14221-47-7,R8.4時点適用対象物質及び裾切値一覧
142459-58-3,４’－フルオロ－Ｎ－イソプロピル－２－（５－トリフルオロメチル－１，３，４－チアジアゾール－２－イルオキシ）アセトアニリド（別名フルフェナセット）,142459-58-3,R9.4追加等対象物質及び裾切値一覧
142844-00-6,リフラクトリーセラミックファイバー,142844-00-6,R8.4時点適用対象物質及び裾切値一覧
143-08-8,１－ノナノール（別名ノルマル－ノニルアルコール）,143-08-8,R8.4時点適用対象物質及び裾切値一覧
143-18-0,カリウム＝（Ｚ）－オレアート,143-18-0,R8.4時点適用対象物質及び裾切値一覧
143-22-6,トリエチレングリコールモノブチルエーテル,143-22-6,R8.4時点適用対象物質及び裾切値一覧
143-24-8,２，５，８，１１，１４－ペンタオキサペンタデカン,143-24-8,R9.4追加等対象物質及び裾切値一覧
143-33-9,シアン化ナトリウム,143-33-9,R8.4時点適用対象物質及び裾切値一覧
143-50-0,デカクロロペンタシクロ［５．３．０．０２，６．０３，９．０４，８］デカン－５－オン（別名クロルデコン）,143-50-0,R8.4時点適用対象物質及び裾切値一覧
14314-69-3,カリウム２，４－ジニトロフェノラート,14314-69-3,R8.4時点適用対象物質及び裾切値一覧
14324-55-1,ジエチルジチオカルバミン酸亜鉛,14324-55-1,R8.4時点適用対象物質及び裾切値一覧
143390-89-0,メチル＝（Ｅ）－メトキシイミノ［２－（オルト－トリルオキシメチル）フェニル］アセタート（別名クレソキシムメチル）,143390-89-0,R8.4時点適用対象物質及び裾切値一覧
1435-48-9,２，４－ジクロロ－１－フルオロベンゼン,1435-48-9,R8.4時点適用対象物質及び裾切値一覧
144-41-2,ジチオりん酸Ｏ，Ｏ－ジメチルＳ－［（モルホリノカルボニル）メチル］,144-41-2,R8.4時点適用対象物質及び裾切値一覧
144-49-0,モノフルオール酢酸,144-49-0,R8.4時点適用対象物質及び裾切値一覧
144-54-7,Ｎ－メチルジチオカルバミン酸（別名カーバム）,144-54-7,R8.4時点適用対象物質及び裾切値一覧
144-62-7,しゆう酸,144-62-7,R8.4時点適用対象物質及び裾切値一覧
14409-72-4,２６－（４－ノニルフェノキシ）－３，６，９，１２，１５，１８，２１，２４－オクタオキサヘキサコサン－１－オール,14409-72-4,R8.4時点適用対象物質及び裾切値一覧
14484-64-1,トリス（Ｎ，Ｎ－ジメチルジチオカルバメート）鉄（別名ファーバム）,14484-64-1,R8.4時点適用対象物質及び裾切値一覧
145-73-3,（１Ｒ，２Ｓ，３Ｒ，４Ｓ）－７－オキサビシクロ［２．２．１］ヘプタン－２，３－ジカルボン酸（別名エンドタール）,145-73-3,R8.4時点適用対象物質及び裾切値一覧
146-84-9,銀（Ⅰ）２，４，６－トリニトロフェノラート,146-84-9,R8.4時点適用対象物質及び裾切値一覧
1460-02-2,１，３，５－トリ－ターシャリ－ブチルベンゼン,1460-02-2,R8.4時点適用対象物質及び裾切値一覧
1464-53-5,２，２’－ビオキシラン,1464-53-5,R8.4時点適用対象物質及び裾切値一覧
14667-55-1,２，３，５－トリメチルピラジン,14667-55-1,R8.4時点適用対象物質及び裾切値一覧
1467-79-4,ジメチルシアナミド,1467-79-4,R8.4時点適用対象物質及び裾切値一覧
14698-29-4,５－エチル－５，８－ジヒドロ－８－オキソ－［１，３］ジオキソロ［４，５－ｇ］キノリン－７－カルボン酸（別名オキソリニック酸）,14698-29-4,R8.4時点適用対象物質及び裾切値一覧
147-24-0,ジフェンヒドラミン塩酸塩,147-24-0,R8.4時点適用対象物質及び裾切値一覧
14708-13-5,テトラフルオロほう酸マグネシウム,14708-13-5,R8.4時点適用対象物質及び裾切値一覧
1477-55-0,メタ－キシリレンジアミン,1477-55-0,R8.4時点適用対象物質及び裾切値一覧
1478-61-1,４，４’－［２，２，２－トリフルオロ－１－（トリフルオロメチル）エチリデン］ジフェノール,1478-61-1,R10.4追加等対象物質及び裾切値一覧
148-01-6,２－メチル－３，５－ジニトロベンズアミド（別名ジニトルミド）,148-01-6,R8.4時点適用対象物質及び裾切値一覧
148-18-5,ジエチルジチオカルバミン酸ナトリウム,148-18-5,R8.4時点適用対象物質及び裾切値一覧
148-24-3,８－ヒドロキシキノリン（別名８－キノリノール）,148-24-3,R8.4時点適用対象物質及び裾切値一覧
148-79-8,２－（１，３－チアゾール－４－イル）－１Ｈ－ベンゾイミダゾール,148-79-8,R8.4時点適用対象物質及び裾切値一覧
148-82-3,（Ｓ）－２－アミノ－３－［４－［ビス（２－クロロエチル）アミノ］フェニル］プロパン酸（別名メルファラン）,148-82-3,R8.4時点適用対象物質及び裾切値一覧
14808-60-7,結晶質シリカ,14808-60-7,R8.4時点適用対象物質及び裾切値一覧
148477-71-8,２，２－ジメチルブタン酸＝３－（２，４－ジクロロフェニル）－２－オキソ－１－オキサスピロ［４．５］デカ－３－エン－４－イル（別名スピロジクロフェン）,148477-71-8,R9.4追加等対象物質及び裾切値一覧
14857-34-2,ジメチルエトキシシラン,14857-34-2,R8.4時点適用対象物質及び裾切値一覧
149-30-4,２－メルカプトベンゾチアゾール,149-30-4,R8.4時点適用対象物質及び裾切値一覧
149-57-5,２－エチルヘキサン酸,149-57-5,R8.4時点適用対象物質及び裾切値一覧
149-73-5,オルトぎ酸トリメチル,149-73-5,R8.4時点適用対象物質及び裾切値一覧
1493-13-6,トリフルオロメタンスルホン酸,1493-13-6,R8.4時点適用対象物質及び裾切値一覧
149877-41-8,イソプロピル＝２－（４－メトキシビフェニル－３－イル）ヒドラジノホルマート（別名ビフェナゼート）,149877-41-8,R8.4時点適用対象物質及び裾切値一覧
149961-52-4,（Ｅ）－２－［２－［（２，５－ジメチルフェノキシ）メチル］フェニル］－２－メトキシイミノ－Ｎ－メチルアセトアミド,149961-52-4,R9.4追加等対象物質及び裾切値一覧
150-46-9,ほう酸トリエチル,150-46-9,R8.4時点適用対象物質及び裾切値一覧
150-68-5,３－（４－クロロフェニル）－１，１－ジメチル尿素,150-68-5,R8.4時点適用対象物質及び裾切値一覧
150-76-5,パラ－メトキシフェノール,150-76-5,R8.4時点適用対象物質及び裾切値一覧
1506-02-1,１－（５，６，７，８－テトラヒドロ－３，５，５，６，８，８－ヘキサメチルナフタレン－２－イル）エタン－１－オン,"1506-02-1,21145-77-7",R8.4時点適用対象物質及び裾切値一覧
150824-47-8,（Ｅ）－Ｎ－［（６－クロロ－３－ピリジル）メチル］－Ｎ－エチル－Ｎ’－メチル－２－ニトロエテン－１，１－ジアミン（別名ニテンピラム）,150824-47-8,R9.4追加等対象物質及び裾切値一覧
151-10-0,１，３－ジメトキシベンゼン,151-10-0,R8.4時点適用対象物質及び裾切値一覧
151-21-3,ドデシル硫酸ナトリウム,151-21-3,R8.4時点適用対象物質及び裾切値一覧
151-50-8,シアン化カリウム,151-50-8,R8.4時点適用対象物質及び裾切値一覧
151-56-4,エチレンイミン,151-56-4,R8.4時点適用対象物質及び裾切値一覧
151-67-7,２－ブロモ－２－クロロ－１，１，１－トリフルオロエタン（別名ハロタン）,151-67-7,R8.4時点適用対象物質及び裾切値一覧
152-16-9,オクタメチルピロホスホルアミド（別名シュラーダン）,152-16-9,R8.4時点適用対象物質及び裾切値一覧
1522-92-5,３－ブロモ－２，２－ビス（ブロモメチル）プロパン－１－オール,"1522-92-5,36483-57-5",R9.4追加等対象物質及び裾切値一覧
15245-44-0,トリニトロレゾルシン鉛,15245-44-0,R8.4時点適用対象物質及び裾切値一覧
15263-52-2,１，３－ジカルバモイルチオ－２－（Ｎ，Ｎ－ジメチルアミノ）－プロパン及びその塩酸塩,"15263-52-2,15263-53-3",R8.4時点適用対象物質及び裾切値一覧
15263-53-3,１，３－ジカルバモイルチオ－２－（Ｎ，Ｎ－ジメチルアミノ）－プロパン及びその塩酸塩,"15263-52-2,15263-53-3",R8.4時点適用対象物質及び裾切値一覧
153197-14-9,３－［１－（３，５－ジクロロフェニル）－１－メチルエチル］－３，４－ジヒドロ－６－メチル－５－フェニル－２Ｈ－１，３－オキサジン－４－オン（別名オキサジクロメホン）,153197-14-9,R8.4時点適用対象物質及び裾切値一覧
153719-23-4,３－（２－クロロ－１，３－チアゾール－５－イルメチル）－５－メチル－Ｎ－ニトロ－１，３，５－オキサジアジナン－４－イミン（別名チアメトキサム）,153719-23-4,R9.4追加等対象物質及び裾切値一覧
154-93-8,Ｎ，Ｎ’－ビス（２－クロロエチル）－Ｎ－ニトロソ尿素,154-93-8,R8.4時点適用対象物質及び裾切値一覧
15467-20-6,ニトリロ三酢酸二ナトリウム,15467-20-6,R9.4追加等対象物質及び裾切値一覧
15545-97-8,２，２’－ジアゼンジイルビス（４－メトキシ－２，４－ジメチルペンタンニトリル）,15545-97-8,R8.4時点適用対象物質及び裾切値一覧
155569-91-8,エマメクチン安息香酸塩（別名エマメクチンＢ１ａ安息香酸塩及びエマメクチンＢ１ｂ安息香酸塩の混合物）,155569-91-8,R8.4時点適用対象物質及び裾切値一覧
156-43-4,パラ－フェネチジン,156-43-4,R8.4時点適用対象物質及び裾切値一覧
156-62-7,カルシウムシアナミド,156-62-7,R8.4時点適用対象物質及び裾切値一覧
156-87-6,３－アミノ－１－プロパノール,156-87-6,R8.4時点適用対象物質及び裾切値一覧
15625-89-5,１，１，１－トリメチロールプロパントリアクリル酸エステル,15625-89-5,R8.4時点適用対象物質及び裾切値一覧
1563-66-2,Ｎ－メチルカルバミン酸２，３－ジヒドロ－２，２－ジメチル－７－ベンゾ［ｂ］フラニル（別名カルボフラン）,1563-66-2,R8.4時点適用対象物質及び裾切値一覧
15663-27-1,（ＳＰ－４－２）－ジアンミンジクロリド白金（別名シスプラチン）,15663-27-1,R8.4時点適用対象物質及び裾切値一覧
15687-27-1,イブプロフェン,15687-27-1,R8.4時点適用対象物質及び裾切値一覧
1569-01-3,１－プロポキシ－２－プロパノール,1569-01-3,R8.4時点適用対象物質及び裾切値一覧
1569-02-4,１－エトキシ－２－プロパノール,1569-02-4,R8.4時点適用対象物質及び裾切値一覧
1570-64-5,４－クロロ－２－メチルフェノール,1570-64-5,R8.4時点適用対象物質及び裾切値一覧
1576-35-8,パラ－トルエンスルホノヒドラジド,1576-35-8,R8.4時点適用対象物質及び裾切値一覧
1582-09-8,アルファ，アルファ，アルファ－トリフルオロ－２，６－ジニトロ－Ｎ，Ｎ－ジプロピル－パラ－トルイジン（別名トリフルラリン）,1582-09-8,R8.4時点適用対象物質及び裾切値一覧
158237-07-1,４－（２－クロロフェニル）－Ｎ－シクロヘキシル－Ｎ－エチル－４，５－ジヒドロ－５－オキソ－１Ｈ－テトラゾール－１－カルボキサミド（別名フェントラザミド）,158237-07-1,R8.4時点適用対象物質及び裾切値一覧
15825-70-4,Ｄ－マンニトール＝ヘキサニトラート,15825-70-4,R8.4時点適用対象物質及び裾切値一覧
1587-41-3,ジクロルジニトロメタン,1587-41-3,R8.4時点適用対象物質及び裾切値一覧
15875-13-5,１，３，５－トリス［３－（ジメチルアミノ）プロピル］ヘキサヒドロ－１，３，５－トリアジン,15875-13-5,R9.4追加等対象物質及び裾切値一覧
1590-87-0,ジシラン,1590-87-0,R8.4時点適用対象物質及び裾切値一覧
1596-84-5,３－（２，２－ジメチルヒドラジノカルボニル）プロパン酸,1596-84-5,R9.4追加等対象物質及び裾切値一覧
15972-60-8,２－クロロ－２’，６’－ジエチル－Ｎ－（メトキシメチル）アセトアニリド（別名アラクロール）,15972-60-8,R8.4時点適用対象物質及び裾切値一覧
1600-27-7,酢酸水銀（Ⅱ）,1600-27-7,R8.4時点適用対象物質及び裾切値一覧
160430-64-8,トランス－Ｎ－（６－クロロ－３－ピリジルメチル）－Ｎ’－シアノ－Ｎ－メチルアセトアミジン（別名アセタミプリド）,160430-64-8,R8.4時点適用対象物質及び裾切値一覧
16051-77-7,１，４：３，６－ジアンヒドロ－５－Ｏ－ニトロ－Ｄ－グルシトール,16051-77-7,R8.4時点適用対象物質及び裾切値一覧
16090-02-1,ジナトリウム＝２，２’－ビニレンビス［５－（４－モルホリノ－６－アニリノ－１，３，５－トリアジン－２－イルアミノ）ベンゼンスルホナート］（別名ＣＩフルオレスセント２６０）,16090-02-1,R8.4時点適用対象物質及び裾切値一覧
1615-80-1,１，２－ジエチルヒドラジン,1615-80-1,R8.4時点適用対象物質及び裾切値一覧
16219-75-3,エチリデンノルボルネン,16219-75-3,R8.4時点適用対象物質及び裾切値一覧
1622-32-8,２－クロロエタンスルホニル＝クロリド,1622-32-8,R8.4時点適用対象物質及び裾切値一覧
1634-04-4,メチル－ターシャリ－ブチルエーテル（別名ＭＴＢＥ）,1634-04-4,R8.4時点適用対象物質及び裾切値一覧
1635-61-6,５－クロロ－２－ニトロアニリン,1635-61-6,R10.4追加等対象物質及び裾切値一覧
163515-14-8,（Ｓ）－２－クロロ－Ｎ－（２，４－ジメチル－３－チエニル）－Ｎ－（２－メトキシ－１－メチルエチル）アセトアミド（別名ジメテナミドＰ）,163515-14-8,R8.4時点適用対象物質及び裾切値一覧
1643-20-5,Ｎ，Ｎ－ジメチルドデシルアミン＝Ｎ－オキシド,1643-20-5,R8.4時点適用対象物質及び裾切値一覧
16595-80-5,（Ｓ）－２，３，５，６－テトラヒドロ－６－フェニルイミダゾ［２，１－ｂ］チアゾール及びその塩酸塩,"6649-23-6,16595-80-5",R8.4時点適用対象物質及び裾切値一覧
1663-39-4,アクリル酸ターシャリ－ブチル,1663-39-4,R8.4時点適用対象物質及び裾切値一覧
16672-87-0,２－クロロエチルホスホン酸,16672-87-0,R8.4時点適用対象物質及び裾切値一覧
16721-80-5,硫化水素ナトリウム,16721-80-5,R8.4時点適用対象物質及び裾切値一覧
1675-54-3,２，２－ビス［４－（オキシラン－２－イルメトキシ）フェニル］プロパン,1675-54-3,R8.4時点適用対象物質及び裾切値一覧
16752-77-5,Ｓ－メチル－Ｎ－（メチルカルバモイルオキシ）チオアセチミデート（別名メソミル）,16752-77-5,R8.4時点適用対象物質及び裾切値一覧
1678-91-7,エチルシクロヘキサン,1678-91-7,R8.4時点適用対象物質及び裾切値一覧
168316-95-8,（２Ｒ，３ａＳ，５ａＲ，５ｂＳ，９Ｓ，１３Ｓ，１４Ｒ，１６ａＳ，１６ｂＲ）－２－［（６－デオキシ－２，３，４－トリ－Ｏ－メチル－アルファ－Ｌ－マンノピラノシル）オキシ］－１３－［［４－（ジメチルアミノ）－２，３，４，６－テトラデオキシ－ベータ－Ｄ－エリトロ－ヘキソピラノシル］オキシ］－９－エチル－１４－メチル－２，３，３ａ，５ａ，５ｂ，６，９，１０，１１，１２，１３，１４，１６ａ，１６ｂ－テトラデカヒドロ－１Ｈ－ａｓ－インダセノ［３，２－ｄ］オキサシクロドデシン－７，１５－ジオン（別名スピノシンＡ）及び（２Ｓ，３ａＲ，５ａＳ，５ｂＳ，９Ｓ，１３Ｓ，１４Ｒ，１６ａＳ，１６ｂＳ）－２－［（６－デオキシ－２，３，４－トリ－Ｏ－メチル－アルファ－Ｌ－マンノピラノシル）オキシ］－１３－［［４－（ジメチルアミノ）－２，３，４，６－テトラデオキシ－ベータ－Ｄ－エリトロ－ヘキソピラノシル］オキシ］－９－エチル－４，１４－ジメチル－２，３，３ａ，５ａ，５ｂ，６，９，１０，１１，１２，１３，１４，１６ａ，１６ｂ－テトラデカヒドロ－１Ｈ－ａｓ－インダセノ［３，２－ｄ］オキサシクロドデシン－７，１５－ジオン（別名スピノシンＤ）の混合物（別名スピノサド）,168316-95-8,R8.4時点適用対象物質及び裾切値一覧
16853-85-3,水素化リチウムアルミニウム,16853-85-3,R10.4追加等対象物質及び裾切値一覧
16871-90-2,ヘキサフルオロけい酸カリウム（別名けい弗化カリウム）,16871-90-2,R8.4時点適用対象物質及び裾切値一覧
16893-85-9,ヘキサフルオロけい酸ナトリウム（別名けい弗化ナトリウム）,16893-85-9,R8.4時点適用対象物質及び裾切値一覧
16903-35-8,塩化金酸,16903-35-8,R8.4時点適用対象物質及び裾切値一覧
16919-58-7,ヘキサクロロ白金（Ⅳ）酸アンモニウム,16919-58-7,R8.4時点適用対象物質及び裾切値一覧
1694-09-3,［４－［［４－（ジメチルアミノ）フェニル］［４－［エチル（３－スルホベンジル）アミノ］フェニル］メチリデン］シクロヘキサン－２，５－ジエン－１－イリデン］（エチル）（３－スルホナトベンジル）アンモニウムナトリウム塩（別名ベンジルバイオレット４Ｂ）,1694-09-3,R8.4時点適用対象物質及び裾切値一覧
16940-66-2,テトラヒドロほう酸ナトリウム（別名水素化ほう素ナトリウム）,16940-66-2,R8.4時点適用対象物質及び裾切値一覧
17014-71-0,過酸化カリウム,17014-71-0,R8.4時点適用対象物質及び裾切値一覧
17090-79-8,モネンシン及びそのナトリウム塩,"17090-79-8,22373-78-0",R8.4時点適用対象物質及び裾切値一覧
17095-24-8,四ナトリウム＝４－アミノ－５－ヒドロキシ－３，６－ビス［４－［２－（オキシドスルホニルオキシ）エチルスルホニル］フェニルアゾ］－２，７－ナフタレンジスルホナート,17095-24-8,R8.4時点適用対象物質及び裾切値一覧
17109-49-8,ジチオりん酸Ｏ－エチル－Ｓ，Ｓ－ジフェニル（別名エディフェンホス又はＥＤＤＰ）,17109-49-8,R8.4時点適用対象物質及び裾切値一覧
17125-80-3,ヘキサフルオロけい酸バリウム（別名けい弗化バリウム）,17125-80-3,R8.4時点適用対象物質及び裾切値一覧
1717-00-6,１，１－ジクロロ－１－フルオロエタン（別名ＨＣＦＣ－１４１ｂ）,1717-00-6,R8.4時点適用対象物質及び裾切値一覧
173584-44-6,メチル＝（Ｓ）－７－クロロ－２，３，４ａ，５－テトラヒドロ－２－［メトキシカルボニル（４－トリフルオロメトキシフェニル）カルバモイル］インデノ［１，２－ｅ］［１，３，４］オキサジアジン－４ａ－カルボキシラート（別名インドキサカルブ）,173584-44-6,R8.4時点適用対象物質及び裾切値一覧
1738-25-6,３－（ジメチルアミノ）プロパンニトリル,1738-25-6,R8.4時点適用対象物質及び裾切値一覧
174212-12-5,ビス［［２－［３－（４－クロロフェニル）プロピル］－２，４，４－トリメチル－１，３－オキサゾリジン－３－イル］（１Ｈ－イミダゾール－１－イル）メタノン］＝フマラート,174212-12-5,R9.4追加等対象物質及び裾切値一覧
175013-18-0,メチル＝Ｎ－［２－［１－（４－クロロフェニル）－１Ｈ－ピラゾール－３－イルオキシメチル］フェニル］（Ｎ－メトキシ）カルバマート（別名ピラクロストロビン）,175013-18-0,R8.4時点適用対象物質及び裾切値一覧
1752-30-3,アセトンチオセミカルバゾン,1752-30-3,R8.4時点適用対象物質及び裾切値一覧
17540-75-9,４－セカンダリ－ブチル－２，６－ジ－ターシャリ－ブチルフェノール,17540-75-9,R8.4時点適用対象物質及び裾切値一覧
17557-23-2,１，３－ビス［（２，３－エポキシプロピル）オキシ］－２，２－ジメチルプロパン,17557-23-2,R8.4時点適用対象物質及び裾切値一覧
1758-73-2,二酸化チオ尿素,1758-73-2,R8.4時点適用対象物質及び裾切値一覧
1761-71-3,ビス（４－アミノシクロヘキシル）メタン,1761-71-3,R8.4時点適用対象物質及び裾切値一覧
1762-95-4,チオシアン酸アンモニウム,1762-95-4,R8.4時点適用対象物質及び裾切値一覧
1763-23-1,ペルフルオロ（オクタン－１－スルホン酸）（別名ＰＦＯＳ）,1763-23-1,R8.4時点適用対象物質及び裾切値一覧
17639-93-9,２－クロロプロピオン酸メチル,17639-93-9,R8.4時点適用対象物質及び裾切値一覧
17689-77-9,エチルトリアセトキシシラン,17689-77-9,R8.4時点適用対象物質及び裾切値一覧
17702-41-9,デカボラン,17702-41-9,R8.4時点適用対象物質及び裾切値一覧
17756-81-9,２－クロロ－Ｎ－（２－シアノエチル）アセトアミド,17756-81-9,R8.4時点適用対象物質及び裾切値一覧
17796-82-6,Ｎ－（シクロヘキシルチオ）フタルイミド,17796-82-6,R8.4時点適用対象物質及び裾切値一覧
17804-35-2,Ｎ－［１－（Ｎ－ノルマル－ブチルカルバモイル）－１Ｈ－２－ベンゾイミダゾリル］カルバミン酸メチル（別名ベノミル）,17804-35-2,R8.4時点適用対象物質及び裾切値一覧
1789-58-8,ジクロロ（エチル）シラン,1789-58-8,R8.4時点適用対象物質及び裾切値一覧
17985-63-6,６，６－ジビニル－２，５，７，１０－テトラオキサ－６－シラウンデカン,17985-63-6,R9.4追加等対象物質及び裾切値一覧
1806-26-4,パラ－オクチルフェノール,1806-26-4,R8.4時点適用対象物質及び裾切値一覧
1809-19-4,ジブタン－１－イル＝ホスホナート,1809-19-4,R8.4時点適用対象物質及び裾切値一覧
18127-01-0,３－（４－ターシャリ－ブチルフェニル）プロパナール,18127-01-0,R9.4追加等対象物質及び裾切値一覧
181587-01-9,５－アミノ－１－［２，６－ジクロロ－４－（トリフルオロメチル）フェニル］－４－エチルスルフィニル－１Ｈ－ピラゾール－３－カルボニトリル（別名エチプロール）,181587-01-9,R8.4時点適用対象物質及び裾切値一覧
1836-75-5,２，４－ジクロルフェニル＝４’－ニトロフェニルエーテル（別名ＮＩＰ）,1836-75-5,R8.4時点適用対象物質及び裾切値一覧
183675-82-3,（ＲＳ）－Ｎ－［２－（１，３－ジメチルブチル）－３－チエニル］－１－メチル－３－（トリフルオロメチル）－１Ｈ－ピラゾール－４－カルボキサミド（別名ペンチオピラド）,183675-82-3,R9.4追加等対象物質及び裾切値一覧
1852-16-0,Ｎ－ブトキシメチルアクリルアミド,1852-16-0,R8.4時点適用対象物質及び裾切値一覧
1861-40-1,Ｎ－ブチル－Ｎ－エチル－アルファ，アルファ，アルファ－トリフルオロ－２，６－ジニトロ－パラ－トルイジン（別名ベスロジン又はベンフルラリン）,1861-40-1,R9.4追加等対象物質及び裾切値一覧
18662-53-8,ニトリロ三酢酸三ナトリウム一水和物,18662-53-8,R9.4追加等対象物質及び裾切値一覧
18755-43-6,ジメチル＝プロピルホスホナート,18755-43-6,R9.4追加等対象物質及び裾切値一覧
1879-09-0,２－ターシャリ－ブチル－４，６－ジメチルフェノール,1879-09-0,R8.4時点適用対象物質及び裾切値一覧
18809-57-9,４－エチルメルカプトフェニル－Ｎ－メチルカルバメート,18809-57-9,R8.4時点適用対象物質及び裾切値一覧
1885-14-9,クロロ炭酸フェニルエステル,1885-14-9,R8.4時点適用対象物質及び裾切値一覧
18854-01-8,チオりん酸Ｏ，Ｏ－ジエチル－Ｏ－（５－フェニル－３－イソオキサゾリル）（別名イソキサチオン）,18854-01-8,R8.4時点適用対象物質及び裾切値一覧
18883-66-4,１－メチル－１－ニトロソ－３－［（２Ｓ，３Ｒ，４Ｒ，５Ｓ，６Ｒ）－２，４，５－トリヒドロキシ－６－（ヒドロキシメエチル）オキサン－３－イル］尿素,18883-66-4,R8.4時点適用対象物質及び裾切値一覧
189-55-9,ジベンゾ［ａ，ｉ］ピレン,189-55-9,R8.4時点適用対象物質及び裾切値一覧
189-64-0,ジベンゾ［ａ，ｈ］ピレン,189-64-0,R8.4時点適用対象物質及び裾切値一覧
1897-45-6,テトラクロロイソフタロニトリル（別名クロロタロニル又はＴＰＮ）,1897-45-6,R8.4時点適用対象物質及び裾切値一覧
18984-32-2,メチルジチオカルバミン酸亜鉛,18984-32-2,R8.4時点適用対象物質及び裾切値一覧
18994-66-6,ニトリロ三酢酸一ナトリウム,18994-66-6,R9.4追加等対象物質及び裾切値一覧
1910-42-5,１，１’－ジメチル－４，４’－ビピリジニウム塩,"1910-42-5,2074-50-2,4685-14-7",R8.4時点適用対象物質及び裾切値一覧
1912-24-9,２－クロロ－４－エチルアミノ－６－イソプロピルアミノ－１，３，５－トリアジン（別名アトラジン）,1912-24-9,R8.4時点適用対象物質及び裾切値一覧
1918-02-1,４－アミノ－３，５，６－トリクロロピリジン－２－カルボン酸（別名ピクロラム）,1918-02-1,R8.4時点適用対象物質及び裾切値一覧
1918-18-9,３，４－ジクロロフェニルカルバミン酸メチル,1918-18-9,R8.4時点適用対象物質及び裾切値一覧
19287-45-7,ジボラン,19287-45-7,R8.4時点適用対象物質及び裾切値一覧
1929-77-7,Ｎ，Ｎ－ジプロピルチオカルバミン酸Ｓ－プロピル,1929-77-7,R8.4時点適用対象物質及び裾切値一覧
1929-82-4,２－クロロ－６－トリクロロメチルピリジン（別名ニトラピリン）,1929-82-4,R8.4時点適用対象物質及び裾切値一覧
193-39-5,インデノ［１，２，３－ｃｄ］ピレン,193-39-5,R8.4時点適用対象物質及び裾切値一覧
1931-62-0,ＯＯ－ターシャリ－ブチル＝モノペルオキシマレアート,1931-62-0,R8.4時点適用対象物質及び裾切値一覧
1937-37-7,ジナトリウム＝４－アミノ－３－［４’－（２，４－ジアミノフェニルアゾ）－１，１’－ビフェニル－４－イルアゾ］－５－ヒドロキシ－６－フェニルアゾ－２，７－ナフタレンジスルホナート（別名ＣＩダイレクトブラック３８）,1937-37-7,R8.4時点適用対象物質及び裾切値一覧
1939-36-2,トリメチレンジアミン四酢酸,1939-36-2,R8.4時点適用対象物質及び裾切値一覧
19398-61-9,２，５－ジクロロトルエン,19398-61-9,R8.4時点適用対象物質及び裾切値一覧
194-59-2,７Ｈ－ジベンゾ［ｃ，ｇ］カルバゾール,194-59-2,R8.4時点適用対象物質及び裾切値一覧
19430-93-4,３，３，４，４，５，５，６，６，６－ノナフルオロ－１－ヘキセン,19430-93-4,R8.4時点適用対象物質及び裾切値一覧
1948-33-0,２－ターシャリ－ブチルヒドロキノン,1948-33-0,R8.4時点適用対象物質及び裾切値一覧
195-19-7,ベンゾ［ｃ］フェナントレン,195-19-7,R8.4時点適用対象物質及び裾切値一覧
19624-22-7,ペンタボラン,19624-22-7,R8.4時点適用対象物質及び裾切値一覧
19666-30-9,５－ターシャリ－ブチル－３－（２，４－ジクロロ－５－イソプロポキシフェニル）－１，３，４－オキサジアゾール－２（３Ｈ）－オン（別名オキサジアゾン）,19666-30-9,R8.4時点適用対象物質及び裾切値一覧
19715-19-6,３，５－ジ－ターシャリ－ブチルサリチル酸,19715-19-6,R8.4時点適用対象物質及び裾切値一覧
19750-95-9,Ｎ’－（２－メチル－４－クロルフェニル）－Ｎ，Ｎ－ジメチルホルムアミジン一塩酸塩,19750-95-9,R8.4時点適用対象物質及び裾切値一覧
20109-59-5,ナトリウム＝トリデカフルオロヘプタノアート,20109-59-5,R10.4追加等対象物質及び裾切値一覧
20298-69-5,ｒｅｌ－（１Ｒ，２Ｒ）－２－ターシャリ－ブチルシクロヘキシル＝アセタート,20298-69-5,R9.4追加等対象物質及び裾切値一覧
20324-32-7,１－（２－メトキシ－１－メチルエトキシ）－２－プロパノール,20324-32-7,R9.4追加等対象物質及び裾切値一覧
20324-33-8,１－［［１－［（１－メトキシプロパン－２－イル）オキシ］プロパン－２－イル］オキシ］プロパン－２－オール,"20324-33-8,25498-49-1",R8.4時点適用対象物質及び裾切値一覧
2039-87-4,オルト－クロロスチレン,2039-87-4,R8.4時点適用対象物質及び裾切値一覧
2040-52-0,トリウム＝ビス（エタンジオアート）,2040-52-0,R8.4時点適用対象物質及び裾切値一覧
205-82-3,ベンゾ［ｊ］フルオランテン,205-82-3,R8.4時点適用対象物質及び裾切値一覧
205-99-2,ベンゾ［ｅ］フルオラセン,205-99-2,R8.4時点適用対象物質及び裾切値一覧
207-08-9,ベンゾ［ｋ］フルオランテン,207-08-9,R8.4時点適用対象物質及び裾切値一覧
2074-50-2,１，１’－ジメチル－４，４’－ビピリジニウム塩,"1910-42-5,2074-50-2,4685-14-7",R8.4時点適用対象物質及び裾切値一覧
2079-00-7,ブラストサイジンＳ及びそのベンジルアミノベンゼンスルホン酸塩,2079-00-7,R8.4時点適用対象物質及び裾切値一覧
208-96-8,アセナフチレン,208-96-8,R8.4時点適用対象物質及び裾切値一覧
20816-12-0,四酸化オスミウム,20816-12-0,R8.4時点適用対象物質及び裾切値一覧
2082-79-3,３－（４’－ヒドロキシ－３’，５’－ジ－ターシャリ－ブチルフェニル）プロピオン酸＝オクタデシル,2082-79-3,R8.4時点適用対象物質及び裾切値一覧
2082-81-7,ブタン－１，４－ジイル＝ジメタクリラート,2082-81-7,R9.4追加等対象物質及び裾切値一覧
20859-73-8,りん化アルミニウム,20859-73-8,R8.4時点適用対象物質及び裾切値一覧
2104-64-5,エチル－パラ－ニトロフェニルチオノベンゼンホスホネイト（別名ＥＰＮ）,2104-64-5,R8.4時点適用対象物質及び裾切値一覧
21049-36-5,カリウム＝トリデカフルオロヘプタノアート,21049-36-5,R10.4追加等対象物質及び裾切値一覧
210631-68-8,［３－（４，５－ジヒドロイソオキサゾール－３－イル）－４－メシル－２－メチルフェニル］（５－ヒドロキシ－１－メチルピラゾール－４－イル）メタノン,210631-68-8,R9.4追加等対象物質及び裾切値一覧
21087-64-9,４－アミノ－６－ターシャリ－ブチル－３－メチルチオ－１，２，４－トリアジン－５（４Ｈ）－オン（別名メトリブジン）,21087-64-9,R8.4時点適用対象物質及び裾切値一覧
210880-92-5,（Ｅ）－１－（２－クロロ－１，３－チアゾール－５－イルメチル）－３－メチル－２－ニトログアニジン（別名クロチアニジン）,210880-92-5,R9.4追加等対象物質及び裾切値一覧
21109-95-5,硫化バリウム,21109-95-5,R8.4時点適用対象物質及び裾切値一覧
21145-77-7,１－（５，６，７，８－テトラヒドロ－３，５，５，６，８，８－ヘキサメチルナフタレン－２－イル）エタン－１－オン,"1506-02-1,21145-77-7",R8.4時点適用対象物質及び裾切値一覧
212201-70-2,１－（２，４－ジクロロフェニル）－Ｎ－（２，４－ジフルオロフェニル）－Ｎ－イソプロピル－５－オキソ－４，５－ジヒドロ－１Ｈ－１，２，４－トリアゾール－４－カルボキサミド（別名イプフェンカルバゾン）,212201-70-2,R9.4追加等対象物質及び裾切値一覧
21351-79-1,水酸化セシウム,21351-79-1,R8.4時点適用対象物質及び裾切値一覧
21436-97-5,２，４，５－トリメチルアニリン塩酸塩,21436-97-5,R8.4時点適用対象物質及び裾切値一覧
21564-17-0,２－（チオシアナートメチルチオ）－１，３－ベンゾチアゾール（別名ＴＣＭＴＢ）,21564-17-0,R8.4時点適用対象物質及び裾切値一覧
2157-45-1,テトラキス（２－メトキシエトキシ）シラン,2157-45-1,R9.4追加等対象物質及び裾切値一覧
21609-90-5,メチル－（４－ブロム－２，５－ジクロルフェニル）－チオノベンゼンホスホネイト,21609-90-5,R8.4時点適用対象物質及び裾切値一覧
2164-08-1,３－シクロヘキシル－５，６－トリメチレンウラシル,2164-08-1,R8.4時点適用対象物質及び裾切値一覧
21725-46-2,２－（４－クロロ－６－エチルアミノ－１，３，５－トリアジン－２－イル）アミノ－２－メチルプロピオノニトリル（別名シアナジン）,21725-46-2,R8.4時点適用対象物質及び裾切値一覧
2179-59-1,アリル－ノルマル－プロピルジスルフィド,2179-59-1,R8.4時点適用対象物質及び裾切値一覧
218-01-9,クリセン,218-01-9,R8.4時点適用対象物質及び裾切値一覧
2210-25-5,Ｎ－イソプロピルアクリルアミド,2210-25-5,R8.4時点適用対象物質及び裾切値一覧
2210-79-9,［（２－メチルフェノキシ）メチル］オキシラン,2210-79-9,R8.4時点適用対象物質及び裾切値一覧
2212-67-1,Ｓ－エチル＝ヘキサヒドロ－１Ｈ－アゼピン－１－カルボチオアート（別名モリネート）,2212-67-1,R8.4時点適用対象物質及び裾切値一覧
2216-51-5,（１Ｒ，２Ｓ，５Ｒ）－２－イソプロピル－５－メチルシクロヘキサン－１－オール,2216-51-5,R8.4時点適用対象物質及び裾切値一覧
2217-06-3,ビス（２，４，６－トリニトロフェニル）スルファン,2217-06-3,R8.4時点適用対象物質及び裾切値一覧
22224-92-6,Ｎ－イソプロピルアミノホスホン酸Ｏ－エチル－Ｏ－（３－メチル－４－メチルチオフェニル）（別名フェナミホス）,22224-92-6,R8.4時点適用対象物質及び裾切値一覧
22248-79-9,りん酸（Ｚ）－２－クロロ－１－（２，４，５－トリクロロフェニル）ビニル＝ジメチル,22248-79-9,R8.4時点適用対象物質及び裾切値一覧
2227-17-0,ペルクロロ－１，１’－ビ（シクロペンタ－２，４－ジエン）,2227-17-0,R8.4時点適用対象物質及び裾切値一覧
2231-57-4,ヒドラジンチオカルボヒドラジド,2231-57-4,R8.4時点適用対象物質及び裾切値一覧
2234-13-1,オクタクロロナフタレン,2234-13-1,R8.4時点適用対象物質及び裾切値一覧
223580-51-6,３’－クロロ－４，４’－ジメチル－１，２，３－チアジアゾール－５－カルボキサニリド（別名チアジニル）,223580-51-6,R9.4追加等対象物質及び裾切値一覧
22373-78-0,モネンシン及びそのナトリウム塩,"17090-79-8,22373-78-0",R8.4時点適用対象物質及び裾切値一覧
2238-07-5,ビス（２，３－エポキシプロピル）エーテル,2238-07-5,R8.4時点適用対象物質及び裾切値一覧
224-42-0,ジベンゾ［ａ，ｊ］アクリジン,224-42-0,R8.4時点適用対象物質及び裾切値一覧
224049-04-1,３，４－ジクロロ－２’－シアノ－１，２－チアゾール－５－カルボキサニリド（別名イソチアニル）,224049-04-1,R9.4追加等対象物質及び裾切値一覧
2243-62-1,１，５－ジアミノナフタレン,2243-62-1,R8.4時点適用対象物質及び裾切値一覧
22506-53-2,３，９－ジニトロフルオランテン,22506-53-2,R8.4時点適用対象物質及び裾切値一覧
226-36-8,ジベンゾ［ａ，ｈ］アクリジン,226-36-8,R8.4時点適用対象物質及び裾切値一覧
2269-22-9,アルミニウム＝トリス（ブタン－２－オラート）,2269-22-9,R8.4時点適用対象物質及び裾切値一覧
2274-67-1,２－クロル－１－（２，４－ジクロルフェニル）ビニルジメチルホスフェイト,2274-67-1,R8.4時点適用対象物質及び裾切値一覧
2275-14-1,ジエチル－２，５－ジクロルフェニルメルカプトメチルジチオホスフェイト,2275-14-1,R8.4時点適用対象物質及び裾切値一覧
2275-23-2,チオりん酸Ｏ，Ｏ－ジメチル－Ｓ－［２－［１－（Ｎ－メチルカルバモイル）エチルチオ］エチル］,2275-23-2,R8.4時点適用対象物質及び裾切値一覧
22781-23-3,２，２－ジメチル－１，３－ベンゾジオキソール－４－イル－Ｎ－メチルカルバマート（別名ベンダイオカルブ）,22781-23-3,R8.4時点適用対象物質及び裾切値一覧
22898-01-7,２，２，３，３－テトラフルオロプロピオン酸ナトリウム（別名テトラピオン又はフルプロパネートナトリウム塩）,22898-01-7,R9.4追加等対象物質及び裾切値一覧
22936-75-0,２－メチルチオ－４－エチルアミノ－６－（１，２－ジメチルプロピルアミノ）－１，３，５－トリアジン（別名ジメタメトリン）,22936-75-0,R9.4追加等対象物質及び裾切値一覧
2303-16-4,ジイソプロピルチオカルバミン酸Ｓ－（２，３－ジクロロアリル）,2303-16-4,R8.4時点適用対象物質及び裾切値一覧
2310-17-0,ジチオりん酸Ｏ，Ｏ－ジエチル－Ｓ－［（６－クロロ－２，３－ジヒドロ－２－オキソベンゾオキサゾリニル）メチル］（別名ホサロン）,2310-17-0,R8.4時点適用対象物質及び裾切値一覧
23103-98-2,２－ジメチルアミノ－５，６－ジメチルピリミジル－４－Ｎ，Ｎ－ジメチルカルバメート,23103-98-2,R8.4時点適用対象物質及び裾切値一覧
2312-35-8,２－（４－ターシャリ－ブチルフェノキシ）シクロヘキシル＝２－プロピニル＝スルフィット（別名プロパルギット又はＢＰＰＳ）,2312-35-8,R8.4時点適用対象物質及び裾切値一覧
2312-76-7,４，６－ジニトロ－オルト－クレゾールナトリウム,2312-76-7,R8.4時点適用対象物質及び裾切値一覧
23135-22-0,メチル－Ｎ’，Ｎ’－ジメチル－Ｎ－［（メチルカルバモイル）オキシ］－１－チオオキサムイミデート（別名オキサミル）,23135-22-0,R8.4時点適用対象物質及び裾切値一覧
2314-97-8,トリフルオロヨードメタン,2314-97-8,R8.4時点適用対象物質及び裾切値一覧
23184-66-9,Ｎ－ブトキシメチル－２－クロロ－２’，６’－ジエチルアセトアニリド（別名ブタクロール）,23184-66-9,R8.4時点適用対象物質及び裾切値一覧
23422-53-9,３－［［（ジメチルアミノ）メチリデン］アミノ］フェニル＝メチルカルバマート＝一塩酸塩,23422-53-9,R8.4時点適用対象物質及び裾切値一覧
2346-99-8,メチルシクロヘキシル－４－クロルフェニルチオホスフェイト,2346-99-8,R8.4時点適用対象物質及び裾切値一覧
23505-41-1,２－ジエチルアミノ－６－メチルピリミジル－４－ジエチルチオホスフェイト,23505-41-1,R8.4時点適用対象物質及び裾切値一覧
23564-05-8,ジメチル＝４，４’－（オルト－フェニレン）ビス（３－チオアロファナート）（別名チオファネートメチル）,23564-05-8,R8.4時点適用対象物質及び裾切値一覧
2372-82-9,Ｎ－（３－アミノプロピル）－Ｎ－ドデシルプロパン－１，３－ジアミン,2372-82-9,R10.4追加等対象物質及び裾切値一覧
2385-85-5,ドデカクロロペンタシクロ［５．３．０．０２，６．０３，９．０４，８］デカン（別名マイレックス）,2385-85-5,R8.4時点適用対象物質及び裾切値一覧
2386-87-0,３，４－エポキシ－１－シクロヘキサンカルボン酸（３，４－エポキシシクロヘキサン－１－イル）メチル,2386-87-0,R9.4追加等対象物質及び裾切値一覧
23950-58-5,３，５－ジクロロ－Ｎ－（１，１－ジメチル－２－プロピニル）ベンズアミド（別名プロピザミド）,23950-58-5,R8.4時点適用対象物質及び裾切値一覧
2399-48-6,(オキソラン－２－イル）メチル＝プロパ－２－エノアート,2399-48-6,R10.4追加等対象物質及び裾切値一覧
2402-79-1,２，３，５，６－テトラクロロピリジン,2402-79-1,R8.4時点適用対象物質及び裾切値一覧
2403-88-5,２，２，６，６－テトラメチルピペリジン－４－オール,2403-88-5,R8.4時点適用対象物質及び裾切値一覧
2409-55-4,２－ターシャリ－ブチル－４－クレゾール,2409-55-4,R8.4時点適用対象物質及び裾切値一覧
2414-98-4,マグネシウムジエタノラート,2414-98-4,R8.4時点適用対象物質及び裾切値一覧
24151-93-7,Ｓ－（２－メチル－１－ピペリジル－カルボニルメチル）ジプロピルジチオホスフェイト,24151-93-7,R8.4時点適用対象物質及び裾切値一覧
2416-94-6,２，３，６－トリメチルフェノール,2416-94-6,R8.4時点適用対象物質及び裾切値一覧
2425-06-1,Ｎ－（１，１，２，２－テトラクロロエチルチオ）－１，２，３，６－テトラヒドロフタルイミド（別名キャプタフォル）,2425-06-1,R8.4時点適用対象物質及び裾切値一覧
2425-10-7,３，４－ジメチルフェニル－Ｎ－メチルカルバメート,2425-10-7,R8.4時点適用対象物質及び裾切値一覧
2425-79-8,１，４－ビス［（２，３－エポキシプロピル）オキシ］ブタン,2425-79-8,R8.4時点適用対象物質及び裾切値一覧
2426-08-6,ノルマル－ブチル－２，３－エポキシプロピルエーテル,2426-08-6,R8.4時点適用対象物質及び裾切値一覧
2429-74-5,テトラナトリウム＝３，３’－［（３，３’－ジメトキシ－４，４’－ビフェニリレン）ビス（アゾ）］ビス［５－アミノ－４－ヒドロキシ－２，７－ナフタレンジスルホナート］（別名ＣＩダイレクトブルー１５）,2429-74-5,R8.4時点適用対象物質及び裾切値一覧
2431-50-7,２，３，４－トリクロロ－１－ブテン,2431-50-7,R8.4時点適用対象物質及び裾切値一覧
24312-44-5,モノフルオール酢酸パラブロムベンジルアミド,24312-44-5,R8.4時点適用対象物質及び裾切値一覧
2439-01-2,６－メチル－１，３－ジチオロ［４，５－ｂ］キノキサリン－２－オン,2439-01-2,R8.4時点適用対象物質及び裾切値一覧
2439-10-3,１－ドデシルグアニジニウム＝アセタート（別名ドジン）,2439-10-3,R8.4時点適用対象物質及び裾切値一覧
2439-35-2,アクリル酸２－（ジメチルアミノ）エチル,2439-35-2,R8.4時点適用対象物質及び裾切値一覧
2451-62-9,１，３，５－トリス（２，３－エポキシプロピル）－１，３，５－トリアジン－２，４，６（１Ｈ，３Ｈ，５Ｈ）－トリオン,2451-62-9,R8.4時点適用対象物質及び裾切値一覧
2455-24-5,メタクリル酸テトラヒドロフルフリル,2455-24-5,R9.4追加等対象物質及び裾切値一覧
2475-45-8,１，４，７，８－テトラアミノアントラキノン（別名ジスパースブルー１）,2475-45-8,R8.4時点適用対象物質及び裾切値一覧
24851-98-7,メチル＝２－（３－オキソ－２－ペンチルシクロペンチル）アセタート,24851-98-7,R9.4追加等対象物質及び裾切値一覧
2489-77-2,トリメチルチオ尿素,2489-77-2,R8.4時点適用対象物質及び裾切値一覧
25013-15-4,ビニルトルエン,25013-15-4,R8.4時点適用対象物質及び裾切値一覧
25013-16-5,ブチルヒドロキシアニソール（別名ＢＨＡ）,25013-16-5,R8.4時点適用対象物質及び裾切値一覧
25068-38-6,４，４’－イソプロピリデンジフェノールと１－クロロ－２，３－エポキシプロパンの重縮合物（液状のものに限る。）,25068-38-6,R8.4時点適用対象物質及び裾切値一覧
25103-58-6,ターシャリ－ドデカンチオール,25103-58-6,R8.4時点適用対象物質及び裾切値一覧
25134-21-8,メチルビシクロ［２．２．１］ヘプタ－５－エン－２，３－ジカルボン酸無水物,25134-21-8,R8.4時点適用対象物質及び裾切値一覧
25154-52-3,ノニルフェノール,25154-52-3,R8.4時点適用対象物質及び裾切値一覧
25154-54-5,ジニトロベンゼン,25154-54-5,R8.4時点適用対象物質及び裾切値一覧
25155-23-1,りん酸トリス（ジメチルフェニル）,25155-23-1,R8.4時点適用対象物質及び裾切値一覧
25155-30-0,ドデシルベンゼンスルホン酸のアンモニウム塩及びナトリウム塩,"1331-61-9,25155-30-0",R8.4時点適用対象物質及び裾切値一覧
25167-67-3,ブテン,"25167-67-3,106-98-9,107-01-7,590-18-1,624-64-6,115-11-7",R8.4時点適用対象物質及び裾切値一覧
25167-80-0,クロロフェノール,"25167-80-0,95-57-8,108-43-0,106-48-9",R8.4時点適用対象物質及び裾切値一覧
25214-70-4,アニリンとホルムアルデヒドの重縮合物,25214-70-4,R8.4時点適用対象物質及び裾切値一覧
2524-03-0,Ｏ，Ｏ－ジメチル－チオホスホリル＝クロリド,2524-03-0,R8.4時点適用対象物質及び裾切値一覧
2524-04-1,ジエチルホスホロクロリドチオネート,2524-04-1,R8.4時点適用対象物質及び裾切値一覧
25265-77-4,２，２，４－トリメチルペンタン－１，３－ジオールモノイソブチラート,25265-77-4,R8.4時点適用対象物質及び裾切値一覧
2528-36-1,りん酸ジ－ノルマル－ブチル＝フェニル,2528-36-1,R8.4時点適用対象物質及び裾切値一覧
2530-83-8,トリメトキシ－［３－（オキシラン－２－イルメトキシ）プロピル］シラン,2530-83-8,R9.4追加等対象物質及び裾切値一覧
2530-87-2,（３－クロロプロピル）トリメトキシシラン,2530-87-2,R8.4時点適用対象物質及び裾切値一覧
25311-71-1,Ｏ－エチル－Ｏ－（２－イソプロポキシカルボニルフェニル）－Ｎ－イソプロピルチオホスホルアミド（別名イソフェンホス）,25311-71-1,R8.4時点適用対象物質及び裾切値一覧
25319-90-8,Ｓ－エチル＝２－（４－クロロ－２－メチルフェノキシ）チオアセタート,25319-90-8,R8.4時点適用対象物質及び裾切値一覧
25321-09-9,ジイソプロピルベンゼン,"25321-09-9,99-62-7,100-18-5",R8.4時点適用対象物質及び裾切値一覧
25339-56-4,ヘプテン,25339-56-4,R8.4時点適用対象物質及び裾切値一覧
25376-45-8,トルエンジアミン,"25376-45-8,95-70-5,823-40-5",R8.4時点適用対象物質及び裾切値一覧
25496-01-9,トリデシルベンゼンスルホン酸及びそのナトリウム塩,"25496-01-9,26248-24-8",R8.4時点適用対象物質及び裾切値一覧
25498-49-1,１－［［１－［（１－メトキシプロパン－２－イル）オキシ］プロパン－２－イル］オキシ］プロパン－２－オール,"20324-33-8,25498-49-1",R8.4時点適用対象物質及び裾切値一覧
2551-62-4,六弗化硫黄,2551-62-4,R8.4時点適用対象物質及び裾切値一覧
25550-51-0,メチルシクロヘキサン－１，２－ジカルボン酸無水物,25550-51-0,R8.4時点適用対象物質及び裾切値一覧
25550-58-7,ジニトロフェノール（２，４－ジニトロフェノールを除く。）,"25550-58-7,573-56-8",R8.4時点適用対象物質及び裾切値一覧
25551-13-7,トリメチルベンゼン,"25551-13-7,108-67-8,95-63-6,526-73-8",R8.4時点適用対象物質及び裾切値一覧
25584-83-2,プロパン－１，２－ジオール＝モノアクリラート,25584-83-2,R8.4時点適用対象物質及び裾切値一覧
25637-99-4,ヘキサブロモシクロドデカン,25637-99-4,R8.4時点適用対象物質及び裾切値一覧
25639-42-3,メチルシクロヘキサノール,25639-42-3,R8.4時点適用対象物質及び裾切値一覧
25646-71-3,Ｎ－［２－［（４－アミノ－３－メチルフェニル）エチルアミノ］エチル］メタンスルホンアミドセスキ硫酸塩,25646-71-3,R8.4時点適用対象物質及び裾切値一覧
25646-77-9,２－［（４－アミノ－３－メチルフェニル）エチルアミノ］エタノール硫酸塩,25646-77-9,R8.4時点適用対象物質及び裾切値一覧
2579-20-6,１，３－ビス（アミノメチル）シクロヘキサン,2579-20-6,R8.4時点適用対象物質及び裾切値一覧
2581-34-2,４－ニトロ－メタ－クレゾール,2581-34-2,R8.4時点適用対象物質及び裾切値一覧
2593-15-9,５－エトキシ－３－トリクロロメチル－１，２，４－チアジアゾール（別名エクロメゾール）,2593-15-9,R8.4時点適用対象物質及び裾切値一覧
2595-54-2,エチル－Ｎ－（ジエチルジチオホスホリルアセチル）－Ｎ－メチルカルバメート,2595-54-2,R8.4時点適用対象物質及び裾切値一覧
25962-77-0,トランス－２－［（ジメチルアミノ）メチルイミノ］－５－［２－（５－ニトロ－２－フリル）ビニル］－１，３，４－オキサジアゾール,25962-77-0,R8.4時点適用対象物質及び裾切値一覧
2597-03-7,２－［（ジメトキシホスフィノチオイル）チオ］－２－フェニル酢酸エチル（別名フェントエート又はＰＡＰ）,2597-03-7,R8.4時点適用対象物質及び裾切値一覧
25973-55-1,２－（２Ｈ－１，２，３－ベンゾトリアゾール－２－イル）－４，６－ジ－ターシャリ－ペンチルフェノール,25973-55-1,R8.4時点適用対象物質及び裾切値一覧
2602-46-2,四ナトリウム＝６，６’－［（［１，１’－ビフェニル］－４，４’－ジイル）ビス（ジアゼニル）］ビス（４－アミノ－５－ヒドロキシナフタレン－２，７－ジスルホナート）,2602-46-2,R8.4時点適用対象物質及び裾切値一覧
26087-47-8,チオりん酸Ｓ－ベンジル－Ｏ，Ｏ－ジイソプロピル（別名イプロベンホス又はＩＢＰ）,26087-47-8,R8.4時点適用対象物質及び裾切値一覧
2610-05-1,四ナトリウム＝６，６’－［（３，３’－ジメトキシ［１，１’－ビフェニル］－４，４’－ジイル）ビス（ジアゼニル）］ビス（４－アミノ－５－ヒドロキシナフタレン－１，３－ジスルホナート）,2610-05-1,R8.4時点適用対象物質及び裾切値一覧
26140-60-3,テルフェニル,26140-60-3,R8.4時点適用対象物質及び裾切値一覧
2618-77-1,２，５－ジメチル－２，５－ジ（ベンゾイルペルオキシ）ヘキサン,2618-77-1,R8.4時点適用対象物質及び裾切値一覧
26248-24-8,トリデシルベンゼンスルホン酸及びそのナトリウム塩,"25496-01-9,26248-24-8",R8.4時点適用対象物質及び裾切値一覧
2631-37-0,３－メチル－５－イソプロピルフェニル－Ｎ－メチルカルバメート,2631-37-0,R8.4時点適用対象物質及び裾切値一覧
2631-40-5,Ｎ－メチルカルバミン酸２－イソプロピルフェニル（別名イソプロカルブ又はＭＩＰＣ）,2631-40-5,R8.4時点適用対象物質及び裾切値一覧
2634-33-5,１，２－ベンゾイソチアゾール－３（２Ｈ）－オン,2634-33-5,R8.4時点適用対象物質及び裾切値一覧
2636-26-2,チオりん酸Ｏ－４－シアノフェニル－Ｏ，Ｏ－ジメチル（別名シアノホス又はＣＹＡＰ）,2636-26-2,R8.4時点適用対象物質及び裾切値一覧
26399-02-0,オレイン酸２－エチルヘキシル,26399-02-0,R9.4追加等対象物質及び裾切値一覧
26444-49-5,りん酸クレジルジフェニル,26444-49-5,R8.4時点適用対象物質及び裾切値一覧
26447-14-3,１，２－エポキシ－３－（トリルオキシ）プロパン,26447-14-3,R8.4時点適用対象物質及び裾切値一覧
26447-40-5,１，１’－メチレンビス（イソシアナトベンゼン）,"26447-40-5,101-68-8,5873-54-1",R8.4時点適用対象物質及び裾切値一覧
2646-17-5,１－［（２－メチルフェニル）アゾ］－２－ナフトール（別名オイルオレンジＳＳ）,2646-17-5,R8.4時点適用対象物質及び裾切値一覧
26471-62-5,トリレンジイソシアネート,26471-62-5,R8.4時点適用対象物質及び裾切値一覧
26523-78-4,トリスノニルフェニルホスファイト,26523-78-4,R10.4追加等対象物質及び裾切値一覧
26530-20-1,２－オクチル－４－イソチアゾリン－３－オン,26530-20-1,R8.4時点適用対象物質及び裾切値一覧
2655-14-3,３，５－ジメチルフェニル－Ｎ－メチルカルバメート,2655-14-3,R8.4時点適用対象物質及び裾切値一覧
26615-21-4,Ｎ，Ｎ－ジメチル－２－（２－クロロジベンゾ［ｂ，ｆ］チエピン－１１－イルオキシ）エチルアミン,26615-21-4,R8.4時点適用対象物質及び裾切値一覧
26628-22-8,アジ化ナトリウム,26628-22-8,R8.4時点適用対象物質及び裾切値一覧
2674-91-1,ジメチルエチルスルフィニルイソプロピルチオホスフェイト,2674-91-1,R8.4時点適用対象物質及び裾切値一覧
26761-40-0,フタル酸ジイソデシル,26761-40-0,R8.4時点適用対象物質及び裾切値一覧
26761-45-5,２，３－エポキシプロピル＝７，７－ジメチルオクタノアート,26761-45-5,R9.4追加等対象物質及び裾切値一覧
2680-03-7,Ｎ，Ｎ－ジメチルアクリルアミド,2680-03-7,R8.4時点適用対象物質及び裾切値一覧
2682-20-4,２－メチル－４－イソチアゾリン－３－オン,2682-20-4,R10.4追加等対象物質及び裾切値一覧
2687-91-4,１－エチルピロリジン－２－オン,2687-91-4,R8.4時点適用対象物質及び裾切値一覧
2691-41-0,オクタヒドロ－１，３，５，７－テトラニトロ－１，３，５，７－テトラゾシン （別名シクロテトラメチレンテトラニトロアミン）,2691-41-0,R8.4時点適用対象物質及び裾切値一覧
26915-12-8,トルイジン,"26915-12-8,95-53-4,108-44-1,106-49-0",R8.4時点適用対象物質及び裾切値一覧
26952-21-6,イソオクタノール,26952-21-6,R8.4時点適用対象物質及び裾切値一覧
2698-41-1,２－クロロベンジリデンマロノニトリル,2698-41-1,R8.4時点適用対象物質及び裾切値一覧
2699-79-8,弗化スルフリル,2699-79-8,R8.4時点適用対象物質及び裾切値一覧
27083-27-8,ポリ［グアニジン－Ｎ，Ｎ’－ジイルヘキサン－１，６－ジイルイミノ（イミノメチレン）］塩酸塩,27083-27-8,R8.4時点適用対象物質及び裾切値一覧
271-89-6,ベンゾフラン,271-89-6,R8.4時点適用対象物質及び裾切値一覧
27176-87-0,ドデシルベンゼンスルホン酸,27176-87-0,R8.4時点適用対象物質及び裾切値一覧
27193-86-8,ドデシルフェノール（イソドデシルフェノールを除く。）,"27459-10-5,57427-55-1,121158-58-5,27193-86-8",R9.4追加等対象物質及び裾切値一覧
272451-65-7,Ｎ’－［１，１－ジメチル－２－（メチルスルホニル）エチル］－３－ヨード－Ｎ－［２－メチル－４－［１，２，２，２－テトラフルオロ－１－（トリフルオロメチル）エチル］フェニル］フタルアミド（別名フルベンジアミド）,272451-65-7,R9.4追加等対象物質及び裾切値一覧
27247-96-7,硝酸２－エチルヘキシル,27247-96-7,R8.4時点適用対象物質及び裾切値一覧
27459-10-5,ドデシルフェノール（イソドデシルフェノールを除く。）,"27459-10-5,57427-55-1,121158-58-5,27193-86-8",R9.4追加等対象物質及び裾切値一覧
27554-26-3,フタル酸ジイソオクチル,27554-26-3,R9.4追加等対象物質及び裾切値一覧
27605-76-1,３－アリルオキシ－１，２－ベンゾイソチアゾール－１，１－ジオキシド（別名プロベナゾール）,27605-76-1,R9.4追加等対象物質及び裾切値一覧
27636-75-5,ウンデシルベンゼンスルホン酸並びにそのアンモニウム塩及びナトリウム塩,"50854-94-9,61931-75-7,27636-75-5",R8.4時点適用対象物質及び裾切値一覧
2768-02-7,トリメトキシ（ビニル）シラン,2768-02-7,R8.4時点適用対象物質及び裾切値一覧
27813-02-1,メタクリル酸１－ヒドロキシプロパン－２－イル及びメタクリル酸２－ヒドロキシプロピルの混合物,27813-02-1,R10.4追加等対象物質及び裾切値一覧
2784-94-3,２，２’－［［４－（メチルアミノ）－３－ニトロフェニル］アミノ］ジエタノール（別名ＨＣブルーナンバー１）,2784-94-3,R8.4時点適用対象物質及び裾切値一覧
27949-52-6,ブチル－Ｓ－ベンジル－Ｓ－エチルジチオホスフェイト,27949-52-6,R8.4時点適用対象物質及び裾切値一覧
2795-39-3,ペルフルオロオクタン－１－スルホン酸カリウム,2795-39-3,R8.4時点適用対象物質及び裾切値一覧
2797-51-5,２－アミノ－３－クロロ－１，４－ナフトキノン（別名ＡＣＮ）,2797-51-5,R9.4追加等対象物質及び裾切値一覧
280-57-9,１，４－ジアザビシクロ［２．２．２］オクタン（別名トリエチレンジアミン）,280-57-9,R8.4時点適用対象物質及び裾切値一覧
2807-30-9,エチレングリコールモノプロピルエーテル,2807-30-9,R8.4時点適用対象物質及び裾切値一覧
2809-21-4,（１－ヒドロキシエタン－１，１－ジイル）ジホスホン酸,2809-21-4,R8.4時点適用対象物質及び裾切値一覧
2813-95-8,２，４－ジニトロ－６－（１－メチルプロピル）－フェニルアセテート,2813-95-8,R8.4時点適用対象物質及び裾切値一覧
28249-77-6,Ｎ，Ｎ－ジエチルチオカルバミン酸Ｓ－４－クロロベンジル（別名チオベンカルブ又はベンチオカーブ）,28249-77-6,R8.4時点適用対象物質及び裾切値一覧
2832-40-8,Ｎ－［４－［（２－ヒドロキシ－５－メチルフェニル）アゾ］フェニル］アセトアミド,2832-40-8,R8.4時点適用対象物質及び裾切値一覧
28348-61-0,テトラデシルベンゼンスルホン酸及びそのナトリウム塩,"30776-59-1,28348-61-0",R8.4時点適用対象物質及び裾切値一覧
2835-95-2,５－アミノ－２－メチルフェノール,2835-95-2,R8.4時点適用対象物質及び裾切値一覧
283594-90-1,３，３－ジメチルブタン酸＝３－メシチル－２－オキソ－１－オキサスピロ［４．４］ノナ－３－エン－４－イル（別名スピロメシフェン）,283594-90-1,R8.4時点適用対象物質及び裾切値一覧
2837-89-0,２－クロロ－１，１，１，２－テトラフルオロエタン（別名ＨＣＦＣ－１２４）,2837-89-0,R8.4時点適用対象物質及び裾切値一覧
28434-01-7,（１Ｒ，３Ｒ）－２，２－ジメチル－３－（２－メチル－１－プロペニル）シクロプロパンカルボン酸（５－フェニルメチル－３－フラニル）メチル,28434-01-7,R8.4時点適用対象物質及び裾切値一覧
28434-86-8,４，４’－オキシビス（２－クロロアニリン）,28434-86-8,R8.4時点適用対象物質及び裾切値一覧
2855-13-2,３－アミノメチル－３，５，５－トリメチルシクロヘキシルアミン（別名イソホロンジアミン）,2855-13-2,R8.4時点適用対象物質及び裾切値一覧
28553-12-0,フタル酸ジイソノニル,28553-12-0,R8.4時点適用対象物質及び裾切値一覧
286-20-4,シクロヘキセンオキシド,286-20-4,R8.4時点適用対象物質及び裾切値一覧
2867-47-2,メタクリル酸２－（ジメチルアミノ）エチル,2867-47-2,R8.4時点適用対象物質及び裾切値一覧
287-92-3,シクロペンタン,287-92-3,R8.4時点適用対象物質及び裾切値一覧
2873-97-4,Ｎ－（１，１－ジメチル－３－オキソブチル）アクリルアミド,2873-97-4,R8.4時点適用対象物質及び裾切値一覧
288-32-4,イミダゾール,288-32-4,R8.4時点適用対象物質及び裾切値一覧
288-88-0,１，２，４－トリアゾール,288-88-0,R8.4時点適用対象物質及び裾切値一覧
288-94-8,テトラゾール,288-94-8,R8.4時点適用対象物質及び裾切値一覧
2893-78-9,１，３－ジクロロ－１，３，５－トリアジン－２，４，６（１Ｈ，３Ｈ，５Ｈ）－トリオン＝ナトリウム塩,2893-78-9,R8.4時点適用対象物質及び裾切値一覧
29082-74-4,オクタクロロスチレン,29082-74-4,R8.4時点適用対象物質及び裾切値一覧
291-64-5,シクロヘプタン,291-64-5,R8.4時点適用対象物質及び裾切値一覧
29171-20-8,３，７－ジメチルオクタ－６－エン－１－イン－３－オール,29171-20-8,R8.4時点適用対象物質及び裾切値一覧
2921-88-2,チオりん酸Ｏ，Ｏ－ジエチル－Ｏ－（３，５，６－トリクロロ－２－ピリジル）（別名クロルピリホス）,2921-88-2,R8.4時点適用対象物質及び裾切値一覧
29232-93-7,Ｏ－２－ジエチルアミノ－６－メチルピリミジン－４－イル＝Ｏ，Ｏ－ジメチル＝ホスホロチオアート（別名ピリミホスメチル）,29232-93-7,R8.4時点適用対象物質及び裾切値一覧
2937-50-0,クロロぎ酸アリル,2937-50-0,R8.4時点適用対象物質及び裾切値一覧
29590-42-9,アクリル酸イソオクチル,29590-42-9,R8.4時点適用対象物質及び裾切値一覧
297-78-9,オクタクロルテトラヒドロメタノフタラン,297-78-9,R8.4時点適用対象物質及び裾切値一覧
297-97-2,チオりん酸Ｏ，Ｏ－ジエチル－Ｏ－（２－ピラジニル）（別名チオナジン）,297-97-2,R8.4時点適用対象物質及び裾切値一覧
2971-90-6,３，５－ジクロロ－２，６－ジメチル－４－ピリジノール（別名クロピドール）,2971-90-6,R8.4時点適用対象物質及び裾切値一覧
2973-10-6,硫酸ジイソプロピル,2973-10-6,R8.4時点適用対象物質及び裾切値一覧
29767-20-2,（５Ｓ，５ａＲ，８ａＲ，９Ｒ）－９－（４－ヒドロキシ－３，５－ジメトキシフェニル）－８－オキソ－５，５ａ，６，８，８ａ，９－ヘキサヒドロフロ［３’，４’：６，７］ナフト［２，３－ｄ］［１，３］ジオキソール－５－イル＝４，６－Ｏ－［（Ｒ）－２－チエニルメチリデン］－ベータ－Ｄ－グルコピラノシド（別名テニポシド）,29767-20-2,R8.4時点適用対象物質及び裾切値一覧
298-00-0,ジメチル－パラ－ニトロフェニルチオホスフェイト（別名メチルパラチオン）,298-00-0,R8.4時点適用対象物質及び裾切値一覧
298-02-2,ジチオりん酸Ｏ，Ｏ－ジエチル－Ｓ－エチルチオメチル（別名ホレート）,298-02-2,R8.4時点適用対象物質及び裾切値一覧
298-04-4,ジチオりん酸Ｏ，Ｏ－ジエチル－Ｓ－（２－エチルチオエチル）（別名ジスルホトン）,298-04-4,R8.4時点適用対象物質及び裾切値一覧
298-06-6,ジチオりん酸Ｏ，Ｏ－ジエチル,298-06-6,R8.4時点適用対象物質及び裾切値一覧
298-07-7,ビス（２－エチルヘキシル）＝水素＝ホスファート,298-07-7,R8.4時点適用対象物質及び裾切値一覧
298-12-4,グリオキシル酸,298-12-4,R8.4時点適用対象物質及び裾切値一覧
298-81-7,９－メトキシ－７Ｈ－フロ［３，２－ｇ］［１］ベンゾピラン－７－オン,298-81-7,R8.4時点適用対象物質及び裾切値一覧
299-42-3,エフェドリン,299-42-3,R8.4時点適用対象物質及び裾切値一覧
299-84-3,チオりん酸Ｏ，Ｏ－ジメチル－Ｏ－（２，４，５－トリクロロフェニル）（別名ロンネル）,299-84-3,R8.4時点適用対象物質及び裾切値一覧
299-86-5,Ｎ－メチルアミノホスホン酸Ｏ－（４－ターシャリ－ブチル－２－クロロフェニル）－Ｏ－メチル（別名クルホメート）,299-86-5,R8.4時点適用対象物質及び裾切値一覧
29911-28-2,１－（２－ブトキシ－１－メチルエトキシ）プロパン－２－オール,29911-28-2,R8.4時点適用対象物質及び裾切値一覧
29973-13-5,２－エチルチオメチルフェニル－Ｎ－メチルカルバメート（別名エチオフェンカルブ）,29973-13-5,R8.4時点適用対象物質及び裾切値一覧
300-76-5,りん酸１，２－ジブロモ－２，２－ジクロロエチル＝ジメチル（別名ナレド）,300-76-5,R8.4時点適用対象物質及び裾切値一覧
3006-10-8,エチル（ヘキサデシル）ジメチルアンモニウム＝エチル＝スルファート,3006-10-8,R9.4追加等対象物質及び裾切値一覧
3006-82-4,ターシャリ－ブチル＝２－エチルペルオキシヘキサノアート,3006-82-4,R8.4時点適用対象物質及び裾切値一覧
3006-86-8,１，１－ビス（ターシャリ－ブチルペルオキシ）シクロヘキサン,3006-86-8,R8.4時点適用対象物質及び裾切値一覧
301-02-0,オレイン酸アミド,301-02-0,R8.4時点適用対象物質及び裾切値一覧
301-04-2,酢酸鉛,301-04-2,R8.4時点適用対象物質及び裾切値一覧
301-12-2,チオりん酸Ｓ－［２－（エチルスルフィニル）エチル］Ｏ，Ｏ－ジメチル,301-12-2,R8.4時点適用対象物質及び裾切値一覧
302-01-2,ヒドラジン及びその一水和物,"302-01-2,7803-57-8",R8.4時点適用対象物質及び裾切値一覧
302-17-0,２，２，２－トリクロロ－１，１－エタンジオール（別名抱水クロラール）,302-17-0,R8.4時点適用対象物質及び裾切値一覧
302-22-7,１７アルファ－アセチルオキシ－６－クロロ－プレグナ－４，６－ジエン－３，２０－ジオン,302-22-7,R8.4時点適用対象物質及び裾切値一覧
303-34-4,（１Ｓ，７ａＲ）－７－［［［（Ｒ）－２，３－ジヒドロキシ－２－［（Ｓ）－１－メトキシエチル］－３－メチルブタノイル］オキシ］メチル］－２，３，５，７ａ－テトラヒドロ－１Ｈ－ピロリジン－１－イル＝（Ｚ）－２－メチルブタ－２－エノアート,303-34-4,R8.4時点適用対象物質及び裾切値一覧
3030-47-5,ビス［２－（ジメチルアミノ）エチル］メチルアミン,3030-47-5,R8.4時点適用対象物質及び裾切値一覧
3033-62-3,ビス（２－ジメチルアミノエチル）エーテル,3033-62-3,R8.4時点適用対象物質及び裾切値一覧
304-20-1,ヒドララジン及びその塩酸塩,"86-54-4,304-20-1",R8.4時点適用対象物質及び裾切値一覧
3040-44-6,２－（ピペリジン－１－イル）エタン－１－オール,3040-44-6,R9.4追加等対象物質及び裾切値一覧
3048-64-4,５－ビニルビシクロ［２．２．１］ヘプタ－２－エン,3048-64-4,R8.4時点適用対象物質及び裾切値一覧
3048-65-5,３ａ，４，７，７ａ－テトラヒドロ－１Ｈ－インデン,3048-65-5,R8.4時点適用対象物質及び裾切値一覧
305-03-3,４－［４－［ビス（２－クロロエチル）アミノ］フェニル］ブタン酸,305-03-3,R8.4時点適用対象物質及び裾切値一覧
30516-87-1,１－［（２Ｒ，４Ｓ，５Ｓ）－４－アジド－５－（ヒドロキシメチル）オキソラン－２－イル］－５－メチルピリミジン－２，４－ジオン,30516-87-1,R8.4時点適用対象物質及び裾切値一覧
30560-19-1,（ＲＳ）－Ｏ，Ｓ－ジメチル＝アセチルホスホルアミドチオアート（別名アセフェート）,30560-19-1,R8.4時点適用対象物質及び裾切値一覧
306-83-2,２，２－ジクロロ－１，１，１－トリフルオロエタン（別名ＨＣＦＣ－１２３）,306-83-2,R8.4時点適用対象物質及び裾切値一覧
306-98-9,ペルフルオロ（１，２－ジメチルシクロヘキサン）,306-98-9,R8.4時点適用対象物質及び裾切値一覧
30674-80-7,メタクリル酸２－イソシアナトエチル,30674-80-7,R8.4時点適用対象物質及び裾切値一覧
3068-88-0,ベータ－ブチロラクトン,"3068-88-0,36536-46-6",R8.4時点適用対象物質及び裾切値一覧
307-24-4,ウンデカフルオロヘキサン酸,307-24-4,R10.4追加等対象物質及び裾切値一覧
30776-59-1,テトラデシルベンゼンスルホン酸及びそのナトリウム塩,"30776-59-1,28348-61-0",R8.4時点適用対象物質及び裾切値一覧
3078-97-5,ジエチルパラジメチルアミノスルホニルフェニルチオホスフェイト,3078-97-5,R8.4時点適用対象物質及び裾切値一覧
309-00-2,１，２，３，４，１０，１０－ヘキサクロロ－１，４，４ａ，５，８，８ａ－ヘキサヒドロ－エキソ－１，４－エンド－５，８－ジメタノナフタレン（別名アルドリン）,309-00-2,R8.4時点適用対象物質及び裾切値一覧
31093-47-7,デシルベンゼンスルホン酸及びそのナトリウム塩,"31093-47-7,1322-98-1",R8.4時点適用対象物質及び裾切値一覧
3115-68-2,テトラブチルホスホニウム＝ブロミド,3115-68-2,R8.4時点適用対象物質及び裾切値一覧
3120-74-9,３－メチル－４－（メチルチオ）フェノール,3120-74-9,R8.4時点適用対象物質及び裾切値一覧
3121-61-7,アクリル酸２－メトキシエチル,3121-61-7,R8.4時点適用対象物質及び裾切値一覧
31218-83-4,Ｎ－エチル－Ｏ－（２－イソプロポキシカルボニル－１－メチルビニル）－Ｏ－メチルチオホスホルアミド（別名プロペタンホス）,31218-83-4,R8.4時点適用対象物質及び裾切値一覧
31242-93-0,塩素化ジフェニルオキシド,31242-93-0,R8.4時点適用対象物質及び裾切値一覧
3129-91-7,ジシクロヘキシルアミン亜硝酸塩,3129-91-7,R8.4時点適用対象物質及び裾切値一覧
3132-64-7,１－ブロモ－２，３－エポキシプロパン,3132-64-7,R8.4時点適用対象物質及び裾切値一覧
31330-63-9,４－（２Ｈ－テトラゾール－５－イル）テトラアザ－３－エン－２－カルボキシミドアミド一水和物,31330-63-9,R8.4時点適用対象物質及び裾切値一覧
314-40-9,５－ブロモ－３－セカンダリ－ブチル－６－メチル－１，２，３，４－テトラヒドロピリミジン－２，４－ジオン（別名ブロマシル）,314-40-9,R8.4時点適用対象物質及び裾切値一覧
3165-93-3,４－クロロ－２－メチルアニリン及びその塩酸塩,"95-69-2,3165-93-3",R8.4時点適用対象物質及び裾切値一覧
317-34-0,アミノフィリン,317-34-0,R8.4時点適用対象物質及び裾切値一覧
3173-72-6,１，５－ナフタレンジイル＝ジイソシアネート,3173-72-6,R8.4時点適用対象物質及び裾切値一覧
31895-21-3,５－ジメチルアミノ－１，２，３－トリチアン（別名チオシクラム）,31895-21-3,R8.4時点適用対象物質及び裾切値一覧
320-67-2,４－アミノ－１－ベータ－Ｄ－リボフラノシル－１，３，５－トリアジン－２（１Ｈ）－オン,320-67-2,R8.4時点適用対象物質及び裾切値一覧
32055-14-4,アルファ－（イソシアナトベンジル）－オメガ－（イソシアナトフェニル）ポリ［（イソシアナトフェニレン）メチレン］,"9016-87-9,32055-14-4",R9.4追加等対象物質及び裾切値一覧
3209-22-1,１，２－ジクロロ－３－ニトロベンゼン,3209-22-1,R8.4時点適用対象物質及び裾切値一覧
32210-23-4,４－ターシャリ－ブチルシクロヘキシル＝アセタート,32210-23-4,R9.4追加等対象物質及び裾切値一覧
32241-08-0,ヘプタクロロナフタレン,32241-08-0,R8.4時点適用対象物質及び裾切値一覧
3228-02-2,４－イソプロピル－３－メチルフェノール,3228-02-2,R9.4追加等対象物質及び裾切値一覧
32388-55-9,１－［（１Ｒ，２Ｒ，５Ｓ，７Ｒ）－２，６，６，８－テトラメチルトリシクロ［５．３．１．０１，５］ウンデカ－８－エン－９－イル］エタノン,32388-55-9,R9.4追加等対象物質及び裾切値一覧
32534-81-9,ペンタブロモ（フェノキシベンゼン）（別名ペンタブロモジフェニルエーテル）,32534-81-9,R8.4時点適用対象物質及び裾切値一覧
32536-52-0,オクタブロモジフェニルエーテル,32536-52-0,R8.4時点適用対象物質及び裾切値一覧
3268-49-3,３－メチルチオプロパナール,3268-49-3,R8.4時点適用対象物質及び裾切値一覧
32768-54-0,２，３－ジクロロトルエン,32768-54-0,R8.4時点適用対象物質及び裾切値一覧
328-84-7,１，２－ジクロロ－４－（トリフルオロメチル）ベンゼン,328-84-7,R8.4時点適用対象物質及び裾切値一覧
32809-16-8,Ｎ－（３，５－ジクロロフェニル）－１，２－ジメチルシクロプロパン－１，２－ジカルボキシミド（別名プロシミドン）,32809-16-8,R9.4追加等対象物質及び裾切値一覧
3281-96-7,３，５－ジブロム－４－ヒドロキシ－４’－ニトロアゾベンゼン,3281-96-7,R8.4時点適用対象物質及び裾切値一覧
3282-30-2,２，２－ジメチルプロパノイルクロライド（別名トリメチルアセチルクロライド）,3282-30-2,R8.4時点適用対象物質及び裾切値一覧
3296-90-0,２，２－ビス（ブロモメチル）プロパン－１，３－ジオール（別名ジブロモネオペンチルグリコール）,3296-90-0,R8.4時点適用対象物質及び裾切値一覧
330-54-1,３－（３，４－ジクロロフェニル）－１，１－ジメチル尿素（別名ジウロン）,330-54-1,R8.4時点適用対象物質及び裾切値一覧
330-55-2,３－（３，４－ジクロロフェニル）－１－メトキシ－１－メチル尿素（別名リニュロン）,330-55-2,R8.4時点適用対象物質及び裾切値一覧
33089-61-1,３－メチル－１，５－ジ（２，４－キシリル）－１，３，５－トリアザペンタ－１，４－ジエン（別名アミトラズ）,33089-61-1,R8.4時点適用対象物質及び裾切値一覧
3309-87-3,ジメチル－Ｓ－パラクロルフェニルチオホスフェイト（別名ＤＭＣＰ）,3309-87-3,R8.4時点適用対象物質及び裾切値一覧
3327-22-8,３－クロロ－２－ヒドロキシプロパ－１－イル（トリメチル）アミニウム＝クロリド,3327-22-8,R8.4時点適用対象物質及び裾切値一覧
333-20-0,チオシアン酸カリウム,333-20-0,R8.4時点適用対象物質及び裾切値一覧
333-29-9,ジエチル－（１，３－ジチオシクロペンチリデン）－チオホスホルアミド,333-29-9,R8.4時点適用対象物質及び裾切値一覧
333-41-5,チオりん酸Ｏ，Ｏ－ジエチル－Ｏ－（２－イソプロピル－６－メチル－４－ピリミジニル）（別名ダイアジノン）,333-41-5,R8.4時点適用対象物質及び裾切値一覧
3333-52-6,テトラメチルこはく酸ニトリル,3333-52-6,R8.4時点適用対象物質及び裾切値一覧
334-48-5,デカン酸,334-48-5,R8.4時点適用対象物質及び裾切値一覧
334-88-3,ジアゾメタン,334-88-3,R8.4時点適用対象物質及び裾切値一覧
33419-42-0,（５Ｓ，５ａＲ，８ａＲ，９Ｒ）－９－（４－ヒドロキシ－３，５－ジメトキシフェニル）－８－オキソ－５，５ａ，６，８，８ａ，９－ヘキサヒドロフロ［３’，４’：６，７］ナフト［２，３－ｄ］［１，３］ジオキソール－５－イル＝４，６－Ｏ－［（Ｒ）－エチリデン］－ベータ－Ｄ－グルコピラノシド（別名エトポシド）,33419-42-0,R8.4時点適用対象物質及び裾切値一覧
33439-45-1,Ｎ－（３－クロル－４－クロルジフルオロメチルチオフェニル）－Ｎ’，Ｎ’－ジメチルウレア,33439-45-1,R8.4時点適用対象物質及び裾切値一覧
3347-22-6,２，３－ジシアノ－１，４－ジチアアントラキノン（別名ジチアノン）,3347-22-6,R8.4時点適用対象物質及び裾切値一覧
335-67-1,ペルフルオロオクタン酸及びそのアンモニウム塩,"335-67-1,3825-26-1",R8.4時点適用対象物質及び裾切値一覧
335-76-2,ノナデカフルオロデカン酸,335-76-2,R10.4追加等対象物質及び裾切値一覧
337458-27-2,１－アセチル－１，２，３，４－テトラヒドロ－３－［（３－ピリジルメチル）アミノ］－６－［１，２，２，２－テトラフルオロ－１－（トリフルオロメチル）エチル］キナゾリン－２－オン（別名ピリフルキナゾン）,337458-27-2,R9.4追加等対象物質及び裾切値一覧
3383-96-8,チオジ（パラ－フェニレン）－ジオキシ－ビス（チオホスホン酸）Ｏ，Ｏ，Ｏ’，Ｏ’－テトラメチル（別名テメホス）,3383-96-8,R8.4時点適用対象物質及び裾切値一覧
3391-86-4,１－オクテン－３－オール,3391-86-4,R8.4時点適用対象物質及び裾切値一覧
34014-18-1,１－（５－ターシャリ－ブチル－１，３，４－チアジアゾール－２－イル）－１，３－ジメチル尿素（別名テブチウロン）,34014-18-1,R9.4追加等対象物質及び裾切値一覧
34256-82-1,２－クロロ－Ｎ－（エトキシメチル）－Ｎ－（２－エチル－６－メチルフェニル）アセトアミド,34256-82-1,R8.4時点適用対象物質及び裾切値一覧
3452-97-9,３，５，５－トリメチル－１－ヘキサノール,3452-97-9,R8.4時点適用対象物質及び裾切値一覧
3454-29-3,２，２’－［［［２－エチル－２－［（オキシラン－２－イルメトキシ）メチル］プロパン－１，３－ジイル］ビス（オキシ）］ビス（メチレン）］ビス（オキシラン）,3454-29-3,R9.4追加等対象物質及び裾切値一覧
3457-61-2,１，１－ジメチルエチル＝１－メチル－１－フェニルエチル＝ペルオキシド,3457-61-2,R8.4時点適用対象物質及び裾切値一覧
34590-94-8,１－（２－メトキシ－２－メチルエトキシ）－２－プロパノール,34590-94-8,R8.4時点適用対象物質及び裾切値一覧
34643-46-4,ジチオりん酸Ｏ－２，４－ジクロロフェニル－Ｏ－エチル－Ｓ－プロピル（別名プロチオホス）,34643-46-4,R8.4時点適用対象物質及び裾切値一覧
348-61-8,４－ブロモ－１，２－ジフルオロベンゼン,348-61-8,R8.4時点適用対象物質及び裾切値一覧
348635-87-0,３－（３－ブロモ－６－フルオロ－２－メチルインドール－１－イルスルホニル）－Ｎ，Ｎ－ジメチル－１，２，４－トリアゾール－１－スルホンアミド（別名アミスルブロム）,348635-87-0,R8.4時点適用対象物質及び裾切値一覧
351-05-3,モノフルオール酢酸パラブロムアニリド,351-05-3,R8.4時点適用対象物質及び裾切値一覧
3524-68-3,２－［（アクリロイルオキシ）メチル］－２－（ヒドロキシメチル）プロパン－１，３－ジイル＝ジアクリラート,3524-68-3,R8.4時点適用対象物質及び裾切値一覧
353-50-4,弗化カルボニル,353-50-4,R8.4時点適用対象物質及び裾切値一覧
353-59-3,ブロモクロロジフルオロメタン（別名ハロン－１２１１）,353-59-3,R8.4時点適用対象物質及び裾切値一覧
35367-38-5,１－（４－クロロフェニル）－３－（２，６－ジフルオロベンゾイル）尿素（別名ジフルベンズロン）,35367-38-5,R9.4追加等対象物質及び裾切値一覧
354-33-6,ペンタフルオロエタン（高圧のガスの状態のものに限る。）,354-33-6,R8.4時点適用対象物質及び裾切値一覧
35400-43-2,ジチオりん酸Ｏ－エチル－Ｏ－（４－メチルチオフェニル）－Ｓ－ノルマル－プロピル（別名スルプロホス）,35400-43-2,R8.4時点適用対象物質及び裾切値一覧
355-46-4,ペルフルオロ（ヘキサン－１－スルホン酸）（別名ＰＦＨｘＳ）,355-46-4,R10.4追加等対象物質及び裾切値一覧
35554-44-0,１－［２－（アリルオキシ）－２－（２，４－ジクロロフェニル）エチル］－１Ｈ－イミダゾール,35554-44-0,R8.4時点適用対象物質及び裾切値一覧
35597-43-4,Ｌ－２－アミノ－４－［（ヒドロキシ）（メチル）ホスフィノイル］ブチリル－Ｌ－アラニル－Ｌ－アラニン,35597-43-4,R8.4時点適用対象物質及び裾切値一覧
3564-09-8,ジナトリウム＝３－ヒドロキシ－４－［（２，４，５－トリメチルフェニル）アゾ］－２，７－ナフタレンジスルホナート（別名ポンソー３Ｒ）,3564-09-8,R8.4時点適用対象物質及び裾切値一覧
357-57-3,ブルシン,357-57-3,R8.4時点適用対象物質及び裾切値一覧
3570-75-0,（２－ホルミルヒドラジノ）－４－（５－ニトロ－２－フリル）チアゾール,3570-75-0,R8.4時点適用対象物質及び裾切値一覧
36335-67-8,Ｏ－エチル＝Ｏ－（６－ニトロ－メタ－トリル）＝セカンダリ－ブチルホスホルアミドチオアート（別名ブタミホス）,36335-67-8,R8.4時点適用対象物質及び裾切値一覧
3634-83-1,１，３－ビス（イソシアナトメチル）ベンゼン,3634-83-1,R9.4追加等対象物質及び裾切値一覧
36437-37-3,２－（２Ｈ－ベンゾトリアゾール－２－イル）－６－セカンダリ－ブチル－４－ターシャリ－ブチルフェノール,36437-37-3,R8.4時点適用対象物質及び裾切値一覧
3648-21-3,フタル酸ジヘプチル,3648-21-3,R8.4時点適用対象物質及び裾切値一覧
36483-57-5,３－ブロモ－２，２－ビス（ブロモメチル）プロパン－１－オール,"1522-92-5,36483-57-5",R9.4追加等対象物質及び裾切値一覧
36536-46-6,ベータ－ブチロラクトン,"3068-88-0,36536-46-6",R8.4時点適用対象物質及び裾切値一覧
366-18-7,２，２’－ビピリジル,366-18-7,R8.4時点適用対象物質及び裾切値一覧
36614-38-7,ジメチル－（イソプロピルチオエチル）－ジチオホスフェイト,36614-38-7,R8.4時点適用対象物質及び裾切値一覧
36734-19-7,３－（３，５－ジクロロフェニル）－Ｎ－イソプロピル－２，４－ジオキソイミダゾリジン－１－カルボキサミド（別名イプロジオン）,36734-19-7,R8.4時点適用対象物質及び裾切値一覧
3689-24-5,オキシビス（チオホスホン酸）Ｏ，Ｏ，Ｏ’，Ｏ’－テトラエチル（別名スルホテップ）,3689-24-5,R8.4時点適用対象物質及び裾切値一覧
3691-35-8,２－（フェニルパラクロルフェニルアセチル）－１，３－インダンジオン,3691-35-8,R8.4時点適用対象物質及び裾切値一覧
3697-24-3,５－メチルクリセン,3697-24-3,R8.4時点適用対象物質及び裾切値一覧
3699-30-7,カリウム＝ジエチルジチオカルバマート,3699-30-7,R9.4追加等対象物質及び裾切値一覧
371-40-4,４－フルオロアニリン,371-40-4,R8.4時点適用対象物質及び裾切値一覧
3710-30-3,オクタ－１，７－ジエン,3710-30-3,R8.4時点適用対象物質及び裾切値一覧
3710-84-7,Ｎ，Ｎ－ジエチルヒドロキシルアミン,3710-84-7,R8.4時点適用対象物質及び裾切値一覧
372-09-8,シアノ酢酸,372-09-8,R8.4時点適用対象物質及び裾切値一覧
3724-65-0,クロトン酸,3724-65-0,R8.4時点適用対象物質及び裾切値一覧
375-73-5,ノナフルオロブタン－１－スルホン酸,375-73-5,R10.4追加等対象物質及び裾切値一覧
375-85-9,トリデカフルオロヘプタン酸,375-85-9,R10.4追加等対象物質及び裾切値一覧
375-95-1,ペルフルオロノナン酸,375-95-1,R8.4時点適用対象物質及び裾切値一覧
3761-41-9,Ｏ，Ｏ－ジメチル－Ｏ－（３－メチル－４－メチルスルフィニルフェニル）－チオホスフェイト（別名メスルフェンホス）,3761-41-9,R8.4時点適用対象物質及び裾切値一覧
3761-53-3,ジナトリウム＝４－［（２，４－ジメチルフェニル）アゾ］－３－ヒドロキシ－２，７－ナフタレンジスルホナート（別名ポンソーＭＸ）,3761-53-3,R8.4時点適用対象物質及び裾切値一覧
3766-81-2,Ｎ－メチルカルバミン酸２－セカンダリ－ブチルフェニル（別名フェノブカルブ）,3766-81-2,R8.4時点適用対象物質及び裾切値一覧
3792-59-4,エチル－２，４－ジクロルフェニルチオノベンゼンホスホネイト,3792-59-4,R8.4時点適用対象物質及び裾切値一覧
3795-88-8,（Ｓ）－５－（モルホリノメチル）－３－［［（５－ニトロフラン－２－イル）メチリデン］アミノ］－１，３－オキサゾリジン－２－オン,3795-88-8,R8.4時点適用対象物質及び裾切値一覧
381-73-7,ジフルオロ酢酸,381-73-7,R8.4時点適用対象物質及び裾切値一覧
3811-04-9,塩素酸並びにそのアンモニウム塩、カリウム塩及びナトリウム塩,"7790-93-4,10192-29-7,3811-04-9,7775-09-9",R8.4時点適用対象物質及び裾切値一覧
3811-49-2,２－メトキシ－１，３，２－ベンゾジオキサホスホリン－２－スルフィド,3811-49-2,R8.4時点適用対象物質及び裾切値一覧
3811-73-2,ナトリウム＝１－オキソ－１ラムダ５－ピリジン－２－チオラート,3811-73-2,R9.4追加等対象物質及び裾切値一覧
382-21-8,１，１，３，３，３－ペンタフルオロ－２－（トリフルオロメチル）－１－プロペン（別名ＰＦＩＢ）,382-21-8,R8.4時点適用対象物質及び裾切値一覧
3825-26-1,ペルフルオロオクタン酸及びそのアンモニウム塩,"335-67-1,3825-26-1",R8.4時点適用対象物質及び裾切値一覧
3846-71-7,２－（２Ｈ－１，２，３－ベンゾトリアゾール－２－イル）－４，６－ジ－ターシャリ－ブチルフェノール,3846-71-7,R8.4時点適用対象物質及び裾切値一覧
38640-62-9,ジイソプロピルナフタレン,38640-62-9,R9.4追加等対象物質及び裾切値一覧
39156-41-7,４－メトキシベンゼン－１，３－ジアミン硫酸塩,39156-41-7,R8.4時点適用対象物質及び裾切値一覧
3926-62-3,クロロ酢酸ナトリウム,3926-62-3,R8.4時点適用対象物質及び裾切値一覧
39300-45-3,ジニトロメチルヘプチルフェニルクロトナート（別名ジノカップ）（異性体混合物を含む。）,"6119-92-2,39300-45-3",R8.4時点適用対象物質及び裾切値一覧
3942-54-9,Ｎ－メチルカルバミル－２－クロルフェノール,3942-54-9,R8.4時点適用対象物質及び裾切値一覧
39515-40-7,シアノ（３－フェノキシフェニル）メチル＝２，２－ジメチル－３－（２－メチルプロパ－１－エン－１－イル）シクロプロパン－１－カルボキシラート,39515-40-7,R8.4時点適用対象物質及び裾切値一覧
39515-41-8,（ＲＳ）－アルファ－シアノ－３－フェノキシベンジル＝２，２，３，３－テトラメチルシクロプロパンカルボキシラート（別名フェンプロパトリン）,39515-41-8,R8.4時点適用対象物質及び裾切値一覧
39603-48-0,メチレンビス（１－チオセミカルバジド）,39603-48-0,R8.4時点適用対象物質及び裾切値一覧
39680-90-5,Ｎ－メチルジチオカルバミン酸アンモニウム,39680-90-5,R8.4時点適用対象物質及び裾切値一覧
39807-15-3,５－ターシャリ－ブチル－３－［２，４－ジクロロ－５－（プロパ－２－イン－１－イルオキシ）フェニル］－１，３，４－オキサジアゾール－２（３Ｈ）－オン（別名オキサジアルギル）,39807-15-3,R9.4追加等対象物質及び裾切値一覧
40088-47-9,テトラブロモ（フェノキシベンゼン）（別名テトラブロモジフェニルエーテル）,40088-47-9,R8.4時点適用対象物質及び裾切値一覧
400882-07-7,２－（４－ターシャリ－ブチルフェニル）－２－シアノ－３－オキソ－３－（２－トリフルオロメチルフェニル）プロパン酸＝２－メトキシエチル（別名シフルメトフェン）,400882-07-7,R9.4追加等対象物質及び裾切値一覧
4016-14-2,１，２－エポキシ－３－イソプロポキシプロパン,4016-14-2,R8.4時点適用対象物質及び裾切値一覧
4016-24-4,２－スルホヘキサデカン酸－１－メチルエステルナトリウム塩,4016-24-4,R8.4時点適用対象物質及び裾切値一覧
40220-08-4,（２，４，６－トリオキソ－１，３，５－トリアジナン－１，３，５－トリイル）トリエチレン＝トリアクリラート,40220-08-4,R9.4追加等対象物質及び裾切値一覧
40487-42-1,Ｎ－（１－エチルプロピル）－２，６－ジニトロ－３，４－キシリジン（別名ペンディメタリン）,40487-42-1,R8.4時点適用対象物質及び裾切値一覧
4067-16-7,ペンタエチレンヘキサミン,4067-16-7,R8.4時点適用対象物質及び裾切値一覧
4074-88-8,オキシジエチレン＝ジアクリラート,4074-88-8,R8.4時点適用対象物質及び裾切値一覧
409-21-2,炭化けい素,409-21-2,R8.4時点適用対象物質及び裾切値一覧
4098-71-9,３－イソシアナトメチル－３，５，５－トリメチルシクロヘキシル＝イソシアネート,4098-71-9,R8.4時点適用対象物質及び裾切値一覧
4109-96-0,ジクロロシラン,4109-96-0,R8.4時点適用対象物質及び裾切値一覧
41198-08-7,チオりん酸Ｏ－４－ブロモ－２－クロロフェニル－Ｏ－エチル－Ｓ－プロピル（別名プロフェノホス）,41198-08-7,R8.4時点適用対象物質及び裾切値一覧
41205-21-4,２，３－ジクロロ－Ｎ－４－フルオロフェニルマレイミド（別名フルオルイミド）,41205-21-4,R9.4追加等対象物質及び裾切値一覧
41394-05-2,４－アミノ－３－メチル－６－フェニル－１，２，４－トリアジン－５（４Ｈ）－オン（別名メタミトロン）,41394-05-2,R8.4時点適用対象物質及び裾切値一覧
41814-78-2,５－メチル－１，２，４－トリアゾロ［３，４－ｂ］ベンゾチアゾール（別名トリシクラゾール）,41814-78-2,R8.4時点適用対象物質及び裾切値一覧
41935-39-1,ビス（２－フェノキシエチル）＝ペルオキシジカルボナート,41935-39-1,R8.4時点適用対象物質及び裾切値一覧
420-04-2,シアナミド,420-04-2,R8.4時点適用対象物質及び裾切値一覧
420-12-2,エチレンスルフィド（別名チイラン）,420-12-2,R8.4時点適用対象物質及び裾切値一覧
420-46-2,１，１，１－トリフルオロエタン,420-46-2,R8.4時点適用対象物質及び裾切値一覧
42152-47-6,７－メチルオクタ－１，６－ジエン,42152-47-6,R8.4時点適用対象物質及び裾切値一覧
42397-64-8,１，６－ジニトロピレン,42397-64-8,R8.4時点適用対象物質及び裾切値一覧
42397-65-9,１，８－ジニトロピレン,42397-65-9,R8.4時点適用対象物質及び裾切値一覧
4253-34-3,メチルシラントリイル＝トリアセタート,4253-34-3,R8.4時点適用対象物質及び裾切値一覧
4286-23-1,４－（１－メチルエテニル）フェノール,4286-23-1,R8.4時点適用対象物質及び裾切値一覧
429-06-1,ほう弗化テトラエチルアンモニウム,429-06-1,R8.4時点適用対象物質及び裾切値一覧
42978-66-5,トリプロピレングリコールジアクリラート,42978-66-5,R8.4時点適用対象物質及び裾切値一覧
431-03-8,２，３－ブタンジオン（別名ジアセチル）,431-03-8,R8.4時点適用対象物質及び裾切値一覧
431-89-0,１，１，１，２，３，３，３－ヘプタフルオロプロパン（高圧のガスの状態のものに限る。）,431-89-0,R8.4時点適用対象物質及び裾切値一覧
4418-26-2,ナトリウム＝３－アセチル－６－メチル－２，４－ジオキソ－３，４－ジヒドロ－２Ｈ－ピラン－３－イド,4418-26-2,R8.4時点適用対象物質及び裾切値一覧
4439-24-1,２－イソブトキシエタノール,4439-24-1,R8.4時点適用対象物質及び裾切値一覧
4454-05-1,３，４－ジヒドロ－２－メトキシ－２Ｈ－ピラン,4454-05-1,R8.4時点適用対象物質及び裾切値一覧
446-35-5,２，４－ジフルオロ－１－ニトロベンゼン,446-35-5,R8.4時点適用対象物質及び裾切値一覧
446-86-6,アザチオプリン,446-86-6,R8.4時点適用対象物質及び裾切値一覧
4461-52-3,メトキシメタノール,4461-52-3,R8.4時点適用対象物質及び裾切値一覧
4549-40-0,Ｎ－メチル－Ｎ－ニトロソエテンアミン,4549-40-0,R8.4時点適用対象物質及び裾切値一覧
4554-16-9,２，３－ジブロモプロパンニトリル,4554-16-9,R8.4時点適用対象物質及び裾切値一覧
459-57-4,４－フルオロベンズアルデヒド,459-57-4,R8.4時点適用対象物質及び裾切値一覧
459-72-3,２－フルオロ酢酸エチル,459-72-3,R8.4時点適用対象物質及び裾切値一覧
460-19-5,ジシアン,460-19-5,R8.4時点適用対象物質及び裾切値一覧
463-51-4,ケテン,463-51-4,R8.4時点適用対象物質及び裾切値一覧
463-58-1,硫化カルボニル,463-58-1,R8.4時点適用対象物質及び裾切値一覧
464-07-3,３，３－ジメチルブタン－２－オール（別名ピナコリルアルコール）,464-07-3,R8.4時点適用対象物質及び裾切値一覧
4682-03-5,６－ジアゾ－２，４－ジニトロシクロヘキサ－２，４－ジエン－１－オン,4682-03-5,R8.4時点適用対象物質及び裾切値一覧
4685-14-7,１，１’－ジメチル－４，４’－ビピリジニウム塩,"1910-42-5,2074-50-2,4685-14-7",R8.4時点適用対象物質及び裾切値一覧
470-82-6,１，３，３－トリメチル－２－オキサビシクロ［２．２．２］オクタン,470-82-6,R8.4時点適用対象物質及び裾切値一覧
470-90-6,ジエチル－１－（２’，４’－ジクロルフェニル）－２－クロルビニルホスフェイト,470-90-6,R8.4時点適用対象物質及び裾切値一覧
471-25-0,２－プロピン酸,471-25-0,R8.4時点適用対象物質及び裾切値一覧
4719-04-4,ヘキサヒドロ－１，３，５－トリス（２－ヒドロキシエチル）－１，３，５－トリアジン,4719-04-4,R8.4時点適用対象物質及び裾切値一覧
473278-76-1,２－［２－クロロ－４－メシル－３－［（テトラヒドロフラン－２－イルメトキシ）メチル］ベンゾイル］シクロヘキサン－１，３－ジオン（別名テフリルトリオン）,473278-76-1,R9.4追加等対象物質及び裾切値一覧
479-18-5,７－（２，３－ジヒドロキシプロピル）－１，３－ジメチル－３，７－ジヒドロ－１Ｈ－プリン－２，６－ジオン,479-18-5,R8.4時点適用対象物質及び裾切値一覧
479-45-8,テトリル,479-45-8,R8.4時点適用対象物質及び裾切値一覧
484-20-8,４－メトキシ－７Ｈ－フロ［３，２－ｇ］［１］ベンゾピラン－７－オン,484-20-8,R8.4時点適用対象物質及び裾切値一覧
485-31-4,２，４－ジニトロ－６－メチルプロピルフェノールジメチルアクリレート,485-31-4,R8.4時点適用対象物質及び裾切値一覧
4904-61-4,１，５，９－シクロドデカトリエン,4904-61-4,R8.4時点適用対象物質及び裾切値一覧
492-80-8,オーラミン,492-80-8,R8.4時点適用対象物質及び裾切値一覧
494-03-1,Ｎ，Ｎ－ビス（２－クロロエチル）－２－ナフチルアミン,494-03-1,R8.4時点適用対象物質及び裾切値一覧
494-52-0,２－（３－ピリジル）－ピペリジン（別名アナバシン）及びその硫酸塩,494-52-0,R8.4時点適用対象物質及び裾切値一覧
494793-67-8,２’－［（ＲＳ）－１，３－ジメチルブチル］－５－フルオロ－１，３－ジメチルピラゾール－４－カルボキサニリド（別名ペンフルフェン）,494793-67-8,R8.4時点適用対象物質及び裾切値一覧
49561-89-9,トリチオシクロヘプタジエン－３，４，６，７－テトラニトリル,49561-89-9,R8.4時点適用対象物質及び裾切値一覧
497-19-8,炭酸ナトリウム,497-19-8,R8.4時点適用対象物質及び裾切値一覧
4979-32-2,Ｎ，Ｎ－ジシクロヘキシル－２－ベンゾチアゾールスルフェンアミド,4979-32-2,R8.4時点適用対象物質及び裾切値一覧
50-00-0,ホルムアルデヒド,50-00-0,R8.4時点適用対象物質及び裾切値一覧
50-01-1,グアニジンの塩酸塩、硝酸塩及び炭酸塩,"50-01-1,506-93-4,593-85-1",R8.4時点適用対象物質及び裾切値一覧
50-06-6,５－エチル－５－フェニルバルビツル酸（別名フェノバルビタール）,50-06-6,R8.4時点適用対象物質及び裾切値一覧
50-18-0,シクロホスファミド及びその一水和物,"50-18-0,6055-19-2",R8.4時点適用対象物質及び裾切値一覧
50-21-5,乳酸,"50-21-5,598-82-3,79-33-4,10326-41-7",R8.4時点適用対象物質及び裾切値一覧
50-29-3,１，１，１－トリクロロ－２，２－ビス（４－クロロフェニル）エタン（別名ＤＤＴ）,50-29-3,R8.4時点適用対象物質及び裾切値一覧
50-31-7,２，３，６－トリクロロ安息香酸,50-31-7,R8.4時点適用対象物質及び裾切値一覧
50-32-8,ベンゾ［ａ］ピレン,50-32-8,R8.4時点適用対象物質及び裾切値一覧
50-44-2,６－メルカプトプリン,50-44-2,R8.4時点適用対象物質及び裾切値一覧
50-78-2,アセチルサリチル酸（別名アスピリン）,50-78-2,R8.4時点適用対象物質及び裾切値一覧
501-53-1,クロロぎ酸ベンジル,501-53-1,R8.4時点適用対象物質及び裾切値一覧
504-24-5,４－アミノピリジン,504-24-5,R8.4時点適用対象物質及び裾切値一覧
504-29-0,２－アミノピリジン,504-29-0,R8.4時点適用対象物質及び裾切値一覧
504-60-9,ペンタ－１，３－ジエン,504-60-9,R8.4時点適用対象物質及び裾切値一覧
50471-44-8,（ＲＳ）－３－（３，５－ジクロロフェニル）－５－メチル－５－ビニル－１，３－オキサゾリジン－２，４－ジオン（別名ビンクロゾリン）,50471-44-8,R8.4時点適用対象物質及び裾切値一覧
505-32-8,３，７，１１，１５－テトラメチルヘキサデカ－１－エン－３－オール（別名イソフィトール）,505-32-8,R8.4時点適用対象物質及び裾切値一覧
505-60-2,ビス（２－クロロエチル）スルフィド（別名マスタードガス）,505-60-2,R8.4時点適用対象物質及び裾切値一覧
50512-35-1,１，３－ジチオラン－２－イリデンマロン酸ジイソプロピル（別名イソプロチオラン）,50512-35-1,R8.4時点適用対象物質及び裾切値一覧
506-64-9,シアン化銀（Ⅰ）,506-64-9,R8.4時点適用対象物質及び裾切値一覧
506-77-4,塩化シアン,506-77-4,R8.4時点適用対象物質及び裾切値一覧
506-93-4,グアニジンの塩酸塩、硝酸塩及び炭酸塩,"50-01-1,506-93-4,593-85-1",R8.4時点適用対象物質及び裾切値一覧
506-96-7,アセチル＝ブロミド,506-96-7,R8.4時点適用対象物質及び裾切値一覧
5064-31-3,ニトリロ三酢酸三ナトリウム,5064-31-3,R8.4時点適用対象物質及び裾切値一覧
507-20-0,２－クロロ－２－メチルプロパン,507-20-0,R8.4時点適用対象物質及び裾切値一覧
507-70-0,（１Ｒ，２Ｓ，４Ｒ）－ｒｅｌ－１，７，７－トリメチルビシクロ［２．２．１］ヘプタン－２－オール,507-70-0,R8.4時点適用対象物質及び裾切値一覧
50854-94-9,ウンデシルベンゼンスルホン酸並びにそのアンモニウム塩及びナトリウム塩,"50854-94-9,61931-75-7,27636-75-5",R8.4時点適用対象物質及び裾切値一覧
509-14-8,テトラニトロメタン,509-14-8,R8.4時点適用対象物質及び裾切値一覧
51-03-6,５－プロパン－１－イル－６－（２，５，８－トリオキサドデカン－１－イル）－１，３－ベンゾジオキソール（別名ピペロニルブトキシド）,51-03-6,R9.4追加等対象物質及び裾切値一覧
51-21-8,５－フルオロウラシル,51-21-8,R8.4時点適用対象物質及び裾切値一覧
51-28-5,２，４－ジニトロフェノール,51-28-5,R8.4時点適用対象物質及び裾切値一覧
51-48-9,（Ｓ）－２－アミノ－３－［４－（４－ヒドロキシ－３，５－ジヨードフェノキシ）－３，５－ジヨードフェニル］プロパン酸,51-48-9,R8.4時点適用対象物質及び裾切値一覧
51-52-5,２，３－ジヒドロ－６－プロピル－２－チオキソ－４（１Ｈ）－ピリミジノン（別名プロピルチオウラシル）,51-52-5,R8.4時点適用対象物質及び裾切値一覧
51-55-8,アトロピン,51-55-8,R8.4時点適用対象物質及び裾切値一覧
51-75-2,ビス（２－クロロエチル）メチルアミン（別名ＨＮ２）,51-75-2,R8.4時点適用対象物質及び裾切値一覧
51-79-6,ウレタン,51-79-6,R8.4時点適用対象物質及び裾切値一覧
510-15-6,４，４’－ジクロロベンジル酸エチル,510-15-6,R8.4時点適用対象物質及び裾切値一覧
5117-12-4,Ｎ－アクリルモルホリド,5117-12-4,R10.4追加等対象物質及び裾切値一覧
512-56-1,りん酸トリメチル,512-56-1,R8.4時点適用対象物質及び裾切値一覧
51218-45-2,２－クロロ－２’－エチル－Ｎ－（２－メトキシ－１－メチルエチル）－６’－メチルアセトアニリド（別名メトラクロール）,51218-45-2,R8.4時点適用対象物質及び裾切値一覧
51218-49-6,２－クロロ－２’，６’－ジエチル－Ｎ－（２－プロポキシエチル）アセトアニリド（別名プレチラクロール）,51218-49-6,R8.4時点適用対象物質及び裾切値一覧
51235-04-2,３－シクロヘキシル－６－（ジメチルアミノ）－１－メチル－１，３，５－トリアジン－２，４（１Ｈ，３Ｈ）－ジオン,51235-04-2,R9.4追加等対象物質及び裾切値一覧
5124-30-1,メチレンビス（４，１－シクロヘキシレン）＝ジイソシアネート,5124-30-1,R8.4時点適用対象物質及び裾切値一覧
51276-47-2,２－アミノ－４－［ヒドロキシ（メチル）ホスホリル］ブタン酸及びそのアンモニウム塩,"51276-47-2,77182-82-2",R8.4時点適用対象物質及び裾切値一覧
513-35-9,２－メチル－２－ブテン,513-35-9,R8.4時点適用対象物質及び裾切値一覧
513-37-1,１－クロロ－２－メチル－１－プロペン（別名１－クロロイソブチレン）,513-37-1,R8.4時点適用対象物質及び裾切値一覧
513-77-9,炭酸バリウム,513-77-9,R8.4時点適用対象物質及び裾切値一覧
513-86-0,３－ヒドロキシ－２－ブタノン,513-86-0,R8.4時点適用対象物質及び裾切値一覧
5131-66-8,１－ブトキシ－２－プロパノール,5131-66-8,R8.4時点適用対象物質及び裾切値一覧
51630-58-1,アルファ－シアノ－３－フェノキシベンジル＝２－（４－クロロフェニル）－３－メチルブチラート,51630-58-1,R8.4時点適用対象物質及び裾切値一覧
519-44-8,２，４－ジニトロレソルシノール,519-44-8,R8.4時点適用対象物質及び裾切値一覧
52-24-4,トリエチレンチオホスホルアミド（別名チオテパ）,52-24-4,R8.4時点適用対象物質及び裾切値一覧
52-51-7,２－ブロモ－２－ニトロプロパン－１，３－ジオール,52-51-7,R8.4時点適用対象物質及び裾切値一覧
52-68-6,ジメチル＝２，２，２－トリクロロ－１－ヒドロキシエチルホスホナート（別名ＤＥＰ）,52-68-6,R8.4時点適用対象物質及び裾切値一覧
52-86-8,４－［４－（４－クロロフェニル）－４－ヒドロキシピペリジン－１－イル］－１－（４－フルオロフェニル）ブタン－１－オン（別名ハロペリドール）,52-86-8,R8.4時点適用対象物質及び裾切値一覧
52-90-4,Ｌ－システイン,52-90-4,R8.4時点適用対象物質及び裾切値一覧
520-45-6,３－アセチル－６－メチル－２Ｈ－ピラン－２，４（３Ｈ）－ジオン,520-45-6,R8.4時点適用対象物質及び裾切値一覧
52033-74-6,フェニルヒドラジン―硫酸（２／１）,52033-74-6,R10.4追加等対象物質及び裾切値一覧
52125-53-8,１－エトキシプロパノール及び２－エトキシプロパノールの混合物,52125-53-8,R8.4時点適用対象物質及び裾切値一覧
5216-25-1,１－クロロ－４－（トリクロロメチル）ベンゼン,5216-25-1,R8.4時点適用対象物質及び裾切値一覧
52232-67-4,Ｌ－セリル－Ｌ－バリル－Ｌ－セリル－Ｌ－グルタミル－Ｌ－イソロイシル－Ｌ－グルタミニル－Ｌ－ロイシル－Ｌ－メチオニル－Ｌ－ヒスチジル－Ｌ－アスパラギニル－Ｌ－ロイシルグリシル－Ｌ－リシル－Ｌ－ヒスチジル－Ｌ－ロイシル－Ｌ－アスパラギニル－Ｌ－セリル－Ｌ－メチオニル－Ｌ－グルタミル－Ｌ－アルギニル－Ｌ－バリル－Ｌ－グルタミル－Ｌ－トリプトフィル－Ｌ－ロイシル－Ｌ－アルギニル－Ｌ－リシル－Ｌ－リシル－Ｌ－ロイシル－Ｌ－グルタミニル－Ｌ－アスパルチル－Ｌ－バリル－Ｌ－ヒスチジル－Ｌ－アスパラギニル－Ｌ－フェニルアラニン（別名テリパラチド）,52232-67-4,R8.4時点適用対象物質及び裾切値一覧
52315-07-8,アルファ－シアノ－３－フェノキシベンジル＝３－（２，２－ジクロロビニル）－２，２－ジメチルシクロプロパンカルボキシラート（別名シペルメトリン）,52315-07-8,R8.4時点適用対象物質及び裾切値一覧
52556-42-0,３－アリルオキシ－２－ヒドロキシ－１－プロパンスルホン酸ナトリウム,52556-42-0,R9.4追加等対象物質及び裾切値一覧
526-73-8,トリメチルベンゼン,"25551-13-7,108-67-8,95-63-6,526-73-8",R8.4時点適用対象物質及び裾切値一覧
526-75-0,２，３－キシレノール,526-75-0,R8.4時点適用対象物質及び裾切値一覧
52645-53-1,３－フェノキシベンジル＝３－（２，２－ジクロロビニル）－２，２－ジメチルシクロプロパンカルボキシラート（別名ペルメトリン）,52645-53-1,R8.4時点適用対象物質及び裾切値一覧
527-60-6,２，４，６－トリメチルフェノール,527-60-6,R8.4時点適用対象物質及び裾切値一覧
52829-07-9,ビス（２，２，６，６－テトラメチル－４－ピペリジル）＝セバケート,52829-07-9,R8.4時点適用対象物質及び裾切値一覧
52888-80-9,Ｎ，Ｎ－ジプロピルチオカルバミン酸＝Ｓ－ベンジル（別名プロスルホカルブ）,52888-80-9,R9.4追加等対象物質及び裾切値一覧
53-16-7,３－ヒドロキシ－１，３，５（１０）－エストラトリエン－１７－オン（別名エストロン）,53-16-7,R8.4時点適用対象物質及び裾切値一覧
53-19-0,１，１－ジクロロ－２－（２－クロロフェニル）－２－（４－クロロフェニル）エタン,53-19-0,R8.4時点適用対象物質及び裾切値一覧
53-70-3,ジベンゾ［ａ，ｈ］アントラセン（別名１，２：５，６－ジベンゾアントラセン）,53-70-3,R8.4時点適用対象物質及び裾切値一覧
530-64-3,キノリン及びその塩酸塩,"91-22-5,530-64-3",R8.4時点適用対象物質及び裾切値一覧
53003-10-4,サリノマイシン及びその一ナトリウム塩,"53003-10-4,55721-31-8",R8.4時点適用対象物質及び裾切値一覧
531-82-8,Ｎ－［４－（５－ニトロ－２－フリル）－１，３－チアゾール－２－イル］アセトアミド,531-82-8,R8.4時点適用対象物質及び裾切値一覧
532-03-6,カルバミン酸２－ヒドロキシ－３－（２－メトキシフェノキシ）プロピル,532-03-6,R8.4時点適用対象物質及び裾切値一覧
532-27-4,オメガ－クロロアセトフェノン,532-27-4,R8.4時点適用対象物質及び裾切値一覧
532-32-1,安息香酸ナトリウム,532-32-1,R9.4追加等対象物質及び裾切値一覧
53209-19-1,４－ニトロ－オルト－フェニレンジアミン一塩酸塩,53209-19-1,R8.4時点適用対象物質及び裾切値一覧
5329-14-6,スルファミン酸,5329-14-6,R8.4時点適用対象物質及び裾切値一覧
533-74-4,２－チオキソ－３，５－ジメチルテトラヒドロ－２Ｈ－１，３，５－チアジアジン（別名ダゾメット）,533-74-4,R8.4時点適用対象物質及び裾切値一覧
533-96-0,セスキ炭酸ナトリウム,533-96-0,R8.4時点適用対象物質及び裾切値一覧
5332-73-0,３－メトキシプロピルアミン,5332-73-0,R8.4時点適用対象物質及び裾切値一覧
534-22-5,２－メチルフラン,534-22-5,R8.4時点適用対象物質及び裾切値一覧
534-52-1,２－メチル－４，６－ジニトロフェノール,534-52-1,R8.4時点適用対象物質及び裾切値一覧
5349-28-0,ロダン酢酸エチル,5349-28-0,R8.4時点適用対象物質及び裾切値一覧
53558-25-1,１－（４－ニトロフェニル）－３－（３－ピリジルメチル）ウレア,53558-25-1,R8.4時点適用対象物質及び裾切値一覧
536-90-3,メタ－アニシジン,536-90-3,R9.4追加等対象物質及び裾切値一覧
538-75-0,ジシクロヘキシルカルボジイミド,538-75-0,R8.4時点適用対象物質及び裾切値一覧
538-93-2,イソブチルベンゼン,538-93-2,R8.4時点適用対象物質及び裾切値一覧
539-74-2,３－ブロモプロピオン酸エチル,539-74-2,R8.4時点適用対象物質及び裾切値一覧
5392-40-5,シトラール,5392-40-5,R8.4時点適用対象物質及び裾切値一覧
54-11-5,ニコチン,54-11-5,R8.4時点適用対象物質及び裾切値一覧
54-85-3,イソニコチン酸ヒドラジド（別名イソニアジド）,54-85-3,R8.4時点適用対象物質及び裾切値一覧
540-54-5,１－クロロプロパン,540-54-5,R8.4時点適用対象物質及び裾切値一覧
540-59-0,１，２－ジクロロエチレン,540-59-0,R8.4時点適用対象物質及び裾切値一覧
540-72-7,チオシアン酸ナトリウム,540-72-7,R8.4時点適用対象物質及び裾切値一覧
540-73-8,１，２－ジメチルヒドラジン,540-73-8,R8.4時点適用対象物質及び裾切値一覧
540-80-7,亜硝酸ターシャリ－ブチル,540-80-7,R8.4時点適用対象物質及び裾切値一覧
540-88-5,酢酸ブチル,"123-86-4,110-19-0,540-88-5,105-46-4",R8.4時点適用対象物質及び裾切値一覧
5405-41-4,３－ヒドロキシブタン酸エチル,5405-41-4,R8.4時点適用対象物質及び裾切値一覧
541-02-6,２，２，４，４，６，６，８，８，１０，１０－デカメチルシクロペンタシロキサン,541-02-6,R8.4時点適用対象物質及び裾切値一覧
541-41-3,クロロぎ酸エチル（別名クロロ炭酸エチル）,541-41-3,R8.4時点適用対象物質及び裾切値一覧
541-42-4,亜硝酸イソプロピル,541-42-4,R8.4時点適用対象物質及び裾切値一覧
541-69-5,メターフェニレンジアミン二塩酸塩及びパラーフェニレンジアミン二塩酸塩,"541-69-5,624-18-0",R8.4時点適用対象物質及び裾切値一覧
541-73-1,ジクロロベンゼン（パラ－ジクロロベンゼンを除く。）,"95-50-1,541-73-1",R8.4時点適用対象物質及び裾切値一覧
541-85-5,エチル－セカンダリ－ペンチルケトン,541-85-5,R8.4時点適用対象物質及び裾切値一覧
542-18-7,クロロシクロヘキサン,542-18-7,R8.4時点適用対象物質及び裾切値一覧
542-55-2,ぎ酸イソブチル,542-55-2,R8.4時点適用対象物質及び裾切値一覧
542-56-3,亜硝酸イソブチル,542-56-3,R8.4時点適用対象物質及び裾切値一覧
542-75-6,１，３－ジクロロプロペン,542-75-6,R8.4時点適用対象物質及び裾切値一覧
542-76-7,３－クロロプロパンニトリル（別名ベータ－クロロプロピオニトリル）,542-76-7,R8.4時点適用対象物質及び裾切値一覧
542-92-7,シクロペンタジエン,542-92-7,R8.4時点適用対象物質及び裾切値一覧
5421-46-5,チオグリコール酸アンモニウム,5421-46-5,R9.4追加等対象物質及び裾切値一覧
543-21-5,アセチレンジカルボン酸アミド,543-21-5,R8.4時点適用対象物質及び裾切値一覧
543-27-1,クロロぎ酸イソブチル,543-27-1,R8.4時点適用対象物質及び裾切値一覧
543-59-9,１－クロロペンタン,543-59-9,R8.4時点適用対象物質及び裾切値一覧
5435-64-3,３，５，５－トリメチルヘキサナール,5435-64-3,R8.4時点適用対象物質及び裾切値一覧
54381-26-9,Ｎ－エチル－メチル－（２－クロル－４－メチルメルカプトフェニル）－チオホスホルアミド,54381-26-9,R8.4時点適用対象物質及び裾切値一覧
544-01-4,ジイソペンチルエーテル,544-01-4,R8.4時点適用対象物質及び裾切値一覧
544-16-1,亜硝酸ブチル,544-16-1,R8.4時点適用対象物質及び裾切値一覧
544-97-8,ジメチル亜鉛,544-97-8,R8.4時点適用対象物質及び裾切値一覧
54464-57-2,１－（２，３，８，８－テトラメチル－１，２，３，４，５，６，７，８－オクタヒドロナフタレン－２－イル）エタン－１－オン,54464-57-2,R9.4追加等対象物質及び裾切値一覧
545-06-2,トリクロロアセトニトリル,545-06-2,R8.4時点適用対象物質及び裾切値一覧
546-68-9,チタン（Ⅳ）＝プロパン－２－オラート,546-68-9,R8.4時点適用対象物質及び裾切値一覧
547-64-8,乳酸メチル,547-64-8,R8.4時点適用対象物質及び裾切値一覧
5470-11-1,塩酸ヒドロキシルアミン,5470-11-1,R8.4時点適用対象物質及び裾切値一覧
54749-90-5,Ｎ－（２－クロロエチル）－Ｎ－ニトロソ－Ｎ’－［（２Ｒ，３Ｒ，４Ｓ，５Ｒ）－３，４，５，６－テトラヒドロキシ－１－オキソヘキサン－２－イル］尿素,54749-90-5,R8.4時点適用対象物質及び裾切値一覧
548-62-9,ヘキサメチルパラローズアニリンクロリド（別名クリスタルバイオレット）,548-62-9,R8.4時点適用対象物質及び裾切値一覧
54839-24-6,酢酸１－エトキシ－２－プロピル,54839-24-6,R8.4時点適用対象物質及び裾切値一覧
55-18-5,Ｎ，Ｎ－ジエチル亜硝酸アミド,55-18-5,R8.4時点適用対象物質及び裾切値一覧
55-38-9,チオりん酸Ｏ，Ｏ－ジメチル－Ｏ－（３－メチル－４－メチルチオフェニル）（別名フェンチオン）,55-38-9,R8.4時点適用対象物質及び裾切値一覧
55-56-1,クロロヘキシジン,55-56-1,R8.4時点適用対象物質及び裾切値一覧
55-63-0,ニトログリセリン,55-63-0,R8.4時点適用対象物質及び裾切値一覧
55-98-1,ブタン－１，４－ジイル＝ジメタンスルホナート,55-98-1,R8.4時点適用対象物質及び裾切値一覧
55134-13-9,ナラシン,55134-13-9,R8.4時点適用対象物質及び裾切値一覧
55179-31-2,１－（４－ビフェニリルオキシ）－３，３－ジメチル－１－（１Ｈ－１，２，４－トリアゾール－１－イル）－２－ブタノール（別名ビテルタノール）,55179-31-2,R8.4時点適用対象物質及び裾切値一覧
552-30-7,１，２，４－ベンゼントリカルボン酸１，２－無水物,552-30-7,R8.4時点適用対象物質及び裾切値一覧
552-45-4,オルト－メチルベンジル＝クロリド,552-45-4,R8.4時点適用対象物質及び裾切値一覧
5522-43-0,１－ニトロピレン,5522-43-0,R8.4時点適用対象物質及び裾切値一覧
55285-14-8,Ｎ－ジブチルアミノチオ－Ｎ－メチルカルバミン酸２，３－ジヒドロ－２，２－ジメチル－７－ベンゾ［ｂ］フラニル（別名カルボスルファン）,55285-14-8,R8.4時点適用対象物質及び裾切値一覧
553-26-4,４，４’－ビピリジル,553-26-4,R8.4時点適用対象物質及び裾切値一覧
55335-06-3,（３，５，６－トリクロロ－２－ピリジル）オキシ酢酸（別名トリクロピル）,55335-06-3,R8.4時点適用対象物質及び裾切値一覧
554-00-7,２，４－ジクロロアニリン,554-00-7,R8.4時点適用対象物質及び裾切値一覧
554-13-2,炭酸リチウム,554-13-2,R8.4時点適用対象物質及び裾切値一覧
554-84-7,メタ－ニトロフェノール,554-84-7,R8.4時点適用対象物質及び裾切値一覧
555-34-0,しゆう酸鉄（Ⅲ）三ナトリウム,555-34-0,R8.4時点適用対象物質及び裾切値一覧
555-84-0,１－［［（５－ニトロフラン－２－イル）メチリデン］アミノ］イミダゾリジン－２－オン,555-84-0,R8.4時点適用対象物質及び裾切値一覧
55512-33-9,Ｏ－６－クロロ－３－フェニル－４－ピリダジニル＝Ｓ－オクチル＝チオカルボナート,55512-33-9,R8.4時点適用対象物質及び裾切値一覧
556-52-5,２，３－エポキシ－１－プロパノール,556-52-5,R8.4時点適用対象物質及び裾切値一覧
556-61-6,メチル＝イソチオシアネート,556-61-6,R8.4時点適用対象物質及び裾切値一覧
556-67-2,オクタメチルシクロテトラシロキサン,556-67-2,R8.4時点適用対象物質及び裾切値一覧
556-82-1,３－メチル－２－ブテン－１－オール,556-82-1,R8.4時点適用対象物質及び裾切値一覧
556-88-7,１－ニトログアニジン,556-88-7,R8.4時点適用対象物質及び裾切値一覧
557-04-0,ステアリン酸マグネシウム,557-04-0,R8.4時点適用対象物質及び裾切値一覧
557-21-1,シアン化亜鉛（Ⅱ）,557-21-1,R8.4時点適用対象物質及び裾切値一覧
55721-31-8,サリノマイシン及びその一ナトリウム塩,"53003-10-4,55721-31-8",R8.4時点適用対象物質及び裾切値一覧
558-13-4,テトラブロモメタン,558-13-4,R8.4時点適用対象物質及び裾切値一覧
558-25-8,メタンスルホニル＝フルオリド,558-25-8,R8.4時点適用対象物質及び裾切値一覧
55861-78-4,３－（５－ターシャリ－ブチル－１，２－オキサゾール－３－イル）－１，１－ジメチル尿素（別名イソウロン）,55861-78-4,R9.4追加等対象物質及び裾切値一覧
5593-70-4,チタン（Ⅳ）＝ブタン－１－オラート,5593-70-4,R8.4時点適用対象物質及び裾切値一覧
5598-13-0,チオりん酸Ｏ－３，５，６－トリクロロ－２－ピリジル－Ｏ，Ｏ－ジメチル（別名クロルピリホスメチル）,5598-13-0,R8.4時点適用対象物質及び裾切値一覧
56-04-2,６－メチル－２－チオウラシル,56-04-2,R8.4時点適用対象物質及び裾切値一覧
56-18-8,イミノビスプロピルアミン,56-18-8,R8.4時点適用対象物質及び裾切値一覧
56-23-5,四塩化炭素,56-23-5,R8.4時点適用対象物質及び裾切値一覧
56-38-2,ジエチル－パラ－ニトロフェニルチオホスフェイト（別名パラチオン）,56-38-2,R8.4時点適用対象物質及び裾切値一覧
56-53-1,ジエチルスチルベストロール（別名スチルベストロール）,56-53-1,R8.4時点適用対象物質及び裾切値一覧
56-55-3,ベンゾ［ａ］アントラセン,56-55-3,R8.4時点適用対象物質及び裾切値一覧
56-72-4,Ｏ－３－クロロ－４－メチル－２－オキソ－２Ｈ－クロメン－７－イル＝Ｏ’，Ｏ’’－ジエチル＝ホスホロチオアート,56-72-4,R8.4時点適用対象物質及び裾切値一覧
56-75-7,２，２－ジクロロ－Ｎ－［２－ヒドロキシ－１－（ヒドロキシメチル）－２－（４－ニトロフェニル）エチル］アセトアミド（別名クロラムフェニコール）,56-75-7,R8.4時点適用対象物質及び裾切値一覧
56-93-9,ベンジル（トリメチル）アンモニウム＝クロリド,56-93-9,R8.4時点適用対象物質及び裾切値一覧
560121-52-0,２，２－ジメチルプロパン酸＝（Ｅ）－２－（４－ターシャリ－ブチルフェニル）－２－シアノ－１－（１，３，４－トリメチルピラゾール－５－イル）ビニル（別名シエノピラフェン）,560121-52-0,R9.4追加等対象物質及び裾切値一覧
562-81-2,シアン化白金バリウム,562-81-2,R8.4時点適用対象物質及び裾切値一覧
563-12-2,ビス（ジチオりん酸）Ｓ，Ｓ’－メチレン－Ｏ，Ｏ，Ｏ’，Ｏ’－テトラエチル（別名エチオン）,563-12-2,R8.4時点適用対象物質及び裾切値一覧
563-41-7,セミカルバジド塩酸塩,563-41-7,R8.4時点適用対象物質及び裾切値一覧
563-47-3,３－クロロ－２－メチル－１－プロペン,563-47-3,R8.4時点適用対象物質及び裾切値一覧
563-80-4,メチルプロピルケトン,"107-87-9,563-80-4",R8.4時点適用対象物質及び裾切値一覧
56425-91-3,２－メチル－１－（ピリミジン－５－イル）－１－［４－（トリフルオロメトキシ）フェニル］プロパン－１－オール,56425-91-3,R8.4時点適用対象物質及び裾切値一覧
56539-66-3,３－メトキシ－３－メチル－１－ブタノール,56539-66-3,R8.4時点適用対象物質及び裾切値一覧
569-61-9,４，４’－（４－イミノシクロヘキサ－２，５－ジエニリデンメチル）ジアニリン塩酸塩（別名ＣＩベイシックレッド９）,569-61-9,R8.4時点適用対象物質及び裾切値一覧
569-64-2,［４－［［４－（ジメチルアミノ）フェニル］（フェニル）メチリデン］シクロヘキサ－２，５－ジエン－１－イリデン］（ジメチル）アンモニウム＝クロリド（別名マラカイトグリーン塩酸塩）,569-64-2,R8.4時点適用対象物質及び裾切値一覧
5694-00-8,オキシラン－２－カルボキサミド,5694-00-8,R8.4時点適用対象物質及び裾切値一覧
57-06-7,イソチオシアン酸アリル,57-06-7,R8.4時点適用対象物質及び裾切値一覧
57-09-0,ヘキサデシルトリメチルアンモニウム＝ブロミド,57-09-0,R8.4時点適用対象物質及び裾切値一覧
57-14-7,１，１－ジメチルヒドラジン,57-14-7,R8.4時点適用対象物質及び裾切値一覧
57-24-9,ストリキニーネ,57-24-9,R8.4時点適用対象物質及び裾切値一覧
57-41-0,５，５－ジフェニル－２，４－イミダゾリジンジオン,57-41-0,R8.4時点適用対象物質及び裾切値一覧
57-47-6,フィゾスチグミン（別名エセリン）,57-47-6,R8.4時点適用対象物質及び裾切値一覧
57-55-6,プロピレングリコール,57-55-6,R8.4時点適用対象物質及び裾切値一覧
57-57-8,ベータ－プロピオラクトン,57-57-8,R8.4時点適用対象物質及び裾切値一覧
57-74-9,１，２，４，５，６，７，８，８－オクタクロロ－２，３，３ａ，４，７，７ａ－ヘキサヒドロ－４，７－メタノ－１Ｈ－インデン（別名クロルデン）,57-74-9,R8.4時点適用対象物質及び裾切値一覧
57-92-1,１，１’－［（１Ｒ，２Ｒ，３Ｓ，４Ｒ，５Ｒ，６Ｓ）－４－［［５－デオキシ－２－Ｏ－［２－デオキシ－２－（メチルアミノ）－アルファ－Ｌ－グルコピラノシル］－３－Ｃ－ホルミル－アルファ－Ｌ－リキソフラノシル］オキシ］－２，５，６－トリヒドロキシシクロヘキサン－１，３－ジイル］ジグアニジン（別名ストレプトマイシン）,57-92-1,R9.4追加等対象物質及び裾切値一覧
5700-39-0,６－（２－メトキシエトキシ）－２，５，７，１０－テトラオキサ－６－シラウンデカン,5700-39-0,R9.4追加等対象物質及び裾切値一覧
57018-04-9,Ｏ－（２，６－ジクロロ－パラ－トリル）＝Ｏ，Ｏ－ジメチル＝ホスホロチオアート（別名トルクロホスメチル）,57018-04-9,R9.4追加等対象物質及び裾切値一覧
57018-52-7,１－ターシャリ－ブトキシプロパン－２－オール,57018-52-7,R8.4時点適用対象物質及び裾切値一覧
5707-44-8,４－エチル－１，１’－ビフェニル,5707-44-8,R8.4時点適用対象物質及び裾切値一覧
57142-78-6,塩基性フタル酸鉛,57142-78-6,R8.4時点適用対象物質及び裾切値一覧
573-56-8,ジニトロフェノール（２，４－ジニトロフェノールを除く。）,"25550-58-7,573-56-8",R8.4時点適用対象物質及び裾切値一覧
573-58-0,二ナトリウム＝３，３’－［［１，１’－ビフェニル］－４，４’－ジイルビス（ジアゼン－２，１－ジイル）］ビス（４－アミノナフタレン－１－スルホナート）,573-58-0,R8.4時点適用対象物質及び裾切値一覧
57427-55-1,ドデシルフェノール（イソドデシルフェノールを除く。）,"27459-10-5,57427-55-1,121158-58-5,27193-86-8",R9.4追加等対象物質及び裾切値一覧
57520-17-9,１，１’－（イミノジオクタメチレン）ジグアニジン＝トリアセタート（別名イミノクタジン酢酸塩）,57520-17-9,R9.4追加等対象物質及び裾切値一覧
576-26-1,２，６－キシレノール,576-26-1,R8.4時点適用対象物質及び裾切値一覧
577-11-7,ナトリウム＝１，４－ビス［（２－エチルヘキシル）オキシ］－１，４－ジオキソブタン－２－スルホナート,577-11-7,R8.4時点適用対象物質及び裾切値一覧
57835-92-4,４－ニトロピレン,57835-92-4,R8.4時点適用対象物質及び裾切値一覧
579-66-8,２，６－ジエチルアニリン,579-66-8,R8.4時点適用対象物質及び裾切値一覧
57966-95-7,１－［（ＥＺ）－２－シアノ－２－メトキシイミノアセチル］－３－エチル尿素（別名シモキサニル）,57966-95-7,R8.4時点適用対象物質及び裾切値一覧
58-08-2,１，３，７－トリメチルキサンチン（別名カフェイン）,58-08-2,R8.4時点適用対象物質及び裾切値一覧
58-55-9,１，３－ジメチルキサンチン（別名テオフィリン）,58-55-9,R8.4時点適用対象物質及び裾切値一覧
58-89-9,１，２，３，４，５，６－ヘキサクロロシクロヘキサン（別名リンデン）,"58-89-9,608-73-1",R8.4時点適用対象物質及び裾切値一覧
58-90-2,２，３，４，６－テトラクロロフェノール,58-90-2,R8.4時点適用対象物質及び裾切値一覧
581-89-5,２－ニトロナフタレン,581-89-5,R8.4時点適用対象物質及び裾切値一覧
5810-88-8,ジチオりん酸Ｏ，Ｏ－ビス（２－エチルヘキシル）,5810-88-8,R8.4時点適用対象物質及び裾切値一覧
5827-05-4,ジイソプロピル－Ｓ－（エチルスルフィニルメチル）－ジチオホスフェイト,5827-05-4,R8.4時点適用対象物質及び裾切値一覧
583-52-8,しゆう酸の二アンモニウム塩、二カリウム塩及び二ナトリウム塩,"1113-38-8,583-52-8,62-76-0",R8.4時点適用対象物質及び裾切値一覧
583-78-8,２，５－ジクロロフェノール,583-78-8,R8.4時点適用対象物質及び裾切値一覧
583-91-5,２－ヒドロキシ－４－メチルチオ酪酸,583-91-5,R8.4時点適用対象物質及び裾切値一覧
584-08-7,炭酸カリウム,584-08-7,R8.4時点適用対象物質及び裾切値一覧
584-79-2,２，２－ジメチル－３－（２－メチル－１－プロペニル）シクロプロパン－１－カルボン酸＝３－アリル－２－メチル－４－オキソ－２－シクロペンテン－１－イル,584-79-2,R8.4時点適用対象物質及び裾切値一覧
585-07-9,メタクリル酸ターシャリ－ブチル,585-07-9,R8.4時点適用対象物質及び裾切値一覧
586-62-9,テルピノレン,586-62-9,R8.4時点適用対象物質及び裾切値一覧
5873-54-1,１，１’－メチレンビス（イソシアナトベンゼン）,"26447-40-5,101-68-8,5873-54-1",R8.4時点適用対象物質及び裾切値一覧
5888-33-5,ｒｅｌ－（１Ｒ，２Ｒ，４Ｒ）－１，７，７－トリメチルビシクロ［２．２．１］ヘプタン－２－イル＝プロパ－２－エノアート,5888-33-5,R10.4追加等対象物質及び裾切値一覧
59-50-7,４－クロロ－３－メチルフェノール,59-50-7,R8.4時点適用対象物質及び裾切値一覧
59-66-5,アセタゾラミド（別名アセタゾールアミド）,59-66-5,R8.4時点適用対象物質及び裾切値一覧
59-88-1,フェニルヒドラジン一塩酸塩,59-88-1,R8.4時点適用対象物質及び裾切値一覧
59-89-2,Ｎ－ニトロソモルホリン,59-89-2,R8.4時点適用対象物質及び裾切値一覧
590-01-2,プロピオン酸ブチル,590-01-2,R8.4時点適用対象物質及び裾切値一覧
590-18-1,ブテン,"25167-67-3,106-98-9,107-01-7,590-18-1,624-64-6,115-11-7",R8.4時点適用対象物質及び裾切値一覧
590-28-3,シアン酸カリウム,590-28-3,R8.4時点適用対象物質及び裾切値一覧
590-86-3,３－メチルブタナール,590-86-3,R8.4時点適用対象物質及び裾切値一覧
5902-51-2,３－ターシャリ－ブチル－５－クロロ－６－メチルウラシル（別名ターバシル）,5902-51-2,R9.4追加等対象物質及び裾切値一覧
5903-13-9,Ｎ－メチル－Ｎ－（１－ナフチル）－モノフルオール酢酸アミド,5903-13-9,R8.4時点適用対象物質及び裾切値一覧
591-12-8,５－メチルフラン－２（３Ｈ）－オン,591-12-8,R8.4時点適用対象物質及び裾切値一覧
591-27-5,メタ－アミノフェノール,591-27-5,R8.4時点適用対象物質及び裾切値一覧
591-60-6,アセト酢酸ブチル,591-60-6,R8.4時点適用対象物質及び裾切値一覧
591-78-6,メチル－ノルマル－ブチルケトン,591-78-6,R8.4時点適用対象物質及び裾切値一覧
591-87-7,酢酸アリル,591-87-7,R8.4時点適用対象物質及び裾切値一覧
592-01-8,シアン化カルシウム,592-01-8,R8.4時点適用対象物質及び裾切値一覧
592-41-6,１－ヘキセン,592-41-6,R8.4時点適用対象物質及び裾切値一覧
592-62-1,（メチル－ＯＮＮ－アゾキシ）メチル＝アセタート,592-62-1,R8.4時点適用対象物質及び裾切値一覧
593-53-3,フルオロメタン,593-53-3,R8.4時点適用対象物質及び裾切値一覧
593-60-2,ブロモエチレン,593-60-2,R8.4時点適用対象物質及び裾切値一覧
593-85-1,グアニジンの塩酸塩、硝酸塩及び炭酸塩,"50-01-1,506-93-4,593-85-1",R8.4時点適用対象物質及び裾切値一覧
594-42-3,トリクロロメチルスルフェニル＝クロリド,594-42-3,R8.4時点適用対象物質及び裾切値一覧
594-72-9,１，１－ジクロロ－１－ニトロエタン,594-72-9,R8.4時点適用対象物質及び裾切値一覧
59669-26-0,３，７，９，１３－テトラメチル－５，１１－ジオキサ－２，８，１４－トリチア－４，７，９，１２－テトラアザペンタデカ－３，１２－ジエン－６，１０－ジオン（別名チオジカルブ）,59669-26-0,R8.4時点適用対象物質及び裾切値一覧
597-82-0,トリフェニルホスホロチオエート,597-82-0,R10.4追加等対象物質及び裾切値一覧
5970-45-6,酢酸亜鉛（Ⅱ）二水和物,5970-45-6,R8.4時点適用対象物質及び裾切値一覧
598-31-2,ブロムアセトン,598-31-2,R8.4時点適用対象物質及び裾切値一覧
598-56-1,Ｎ，Ｎ－ジメチルエチルアミン,598-56-1,R8.4時点適用対象物質及び裾切値一覧
598-78-7,２－クロロプロピオン酸,598-78-7,R8.4時点適用対象物質及び裾切値一覧
598-82-3,乳酸,"50-21-5,598-82-3,79-33-4,10326-41-7",R8.4時点適用対象物質及び裾切値一覧
5989-27-5,ｄ－リモネン,5989-27-5,R8.4時点適用対象物質及び裾切値一覧
599-64-4,４－（２－フェニルプロパン－２－イル）フェノール,599-64-4,R8.4時点適用対象物質及び裾切値一覧
60-00-4,エチレンジアミン四酢酸,60-00-4,R8.4時点適用対象物質及び裾切値一覧
60-09-3,パラ－フェニルアゾアニリン,60-09-3,R8.4時点適用対象物質及び裾切値一覧
60-11-7,パラ－ジメチルアミノアゾベンゼン,60-11-7,R8.4時点適用対象物質及び裾切値一覧
60-12-8,２－フェニルエタン－１－オール,60-12-8,R8.4時点適用対象物質及び裾切値一覧
60-23-1,２－アミノエタンチオール（別名システアミン）,60-23-1,R8.4時点適用対象物質及び裾切値一覧
60-24-2,２－メルカプトエタノール,60-24-2,R8.4時点適用対象物質及び裾切値一覧
60-29-7,エチルエーテル,60-29-7,R8.4時点適用対象物質及び裾切値一覧
60-34-4,メチルヒドラジン,60-34-4,R8.4時点適用対象物質及び裾切値一覧
60-35-5,アセトアミド,60-35-5,R8.4時点適用対象物質及び裾切値一覧
60-51-5,ジチオりん酸Ｏ，Ｏ－ジメチル－Ｓ－［（Ｎ－メチルカルバモイル）メチル］（別名ジメトエート）,60-51-5,R8.4時点適用対象物質及び裾切値一覧
60-57-1,１，２，３，４，１０，１０－ヘキサクロロ－６，７－エポキシ－１，４，４ａ，５，６，７，８，８ａ－オクタヒドロ－エキソ－１，４－エンド－５，８－ジメタノナフタレン（別名ディルドリン）,60-57-1,R8.4時点適用対象物質及び裾切値一覧
600-25-9,１－クロロ－１－ニトロプロパン,600-25-9,R8.4時点適用対象物質及び裾切値一覧
60153-49-3,３－（Ｎ－ニトロソメチルアミノ）プロパンニトリル,60153-49-3,R8.4時点適用対象物質及び裾切値一覧
60168-88-9,２，４’－ジクロロ－アルファ－（５－ピリミジニル）ベンズヒドリル＝アルコール（別名フェナリモル）,60168-88-9,R8.4時点適用対象物質及び裾切値一覧
602-01-7,２，３－ジニトロトルエン,602-01-7,R8.4時点適用対象物質及び裾切値一覧
602-87-9,５－ニトロアセナフテン,602-87-9,R8.4時点適用対象物質及び裾切値一覧
60207-90-1,（２ＲＳ，４ＲＳ）－１－［２－（２，４－ジクロロフェニル）－４－プロピル－１，３－ジオキソラン－２－イルメチル］－１Ｈ－１，２，４－トリアゾール及び（２ＲＳ，４ＳＲ）－１－［２－（２，４－ジクロロフェニル）－４－プロピル－１，３－ジオキソラン－２－イルメチル］－１Ｈ－１，２，４－トリアゾールの混合物（別名プロピコナゾール）,60207-90-1,R8.4時点適用対象物質及び裾切値一覧
603-35-0,トリフェニルホスフィン,603-35-0,R8.4時点適用対象物質及び裾切値一覧
6055-19-2,シクロホスファミド及びその一水和物,"50-18-0,6055-19-2",R8.4時点適用対象物質及び裾切値一覧
606-20-2,２，６－ジニトロトルエン,606-20-2,R8.4時点適用対象物質及び裾切値一覧
606-35-9,２－メトキシ－１，３，５－トリニトロベンゼン,606-35-9,R8.4時点適用対象物質及び裾切値一覧
607-57-8,２－ニトロ－９Ｈ－フルオレン,607-57-8,R8.4時点適用対象物質及び裾切値一覧
608-71-9,ペンタブロモフェノール,608-71-9,R8.4時点適用対象物質及び裾切値一覧
608-73-1,１，２，３，４，５，６－ヘキサクロロシクロヘキサン（別名リンデン）,"58-89-9,608-73-1",R8.4時点適用対象物質及び裾切値一覧
608-93-5,１，２，３，４，５－ペンタクロロベンゼン,608-93-5,R8.4時点適用対象物質及び裾切値一覧
609-89-2,２，４－ジクロル－６－ニトロフェノール及びそのナトリウム塩,"609-89-2,64047-88-7",R8.4時点適用対象物質及び裾切値一覧
61-68-7,メフェナム酸,61-68-7,R8.4時点適用対象物質及び裾切値一覧
61-73-4,メチレンブルー,61-73-4,R8.4時点適用対象物質及び裾切値一覧
61-82-5,３－アミノ－１Ｈ－１，２，４－トリアゾール（別名アミトロール）,61-82-5,R8.4時点適用対象物質及び裾切値一覧
610-39-9,３，４－ジニトロトルエン,610-39-9,R8.4時点適用対象物質及び裾切値一覧
611-06-3,２，４－ジクロロ－１－ニトロベンゼン,611-06-3,R8.4時点適用対象物質及び裾切値一覧
611-19-8,１－クロロ－２－（クロロメチル）ベンゼン,611-19-8,R8.4時点適用対象物質及び裾切値一覧
6119-92-2,ジニトロメチルヘプチルフェニルクロトナート（別名ジノカップ）（異性体混合物を含む。）,"6119-92-2,39300-45-3",R8.4時点適用対象物質及び裾切値一覧
613-35-4,Ｎ，Ｎ’－ジアセチルベンジジン,613-35-4,R8.4時点適用対象物質及び裾切値一覧
6130-43-4,アンモニウム＝トリデカフルオロヘプタノアート,6130-43-4,R10.4追加等対象物質及び裾切値一覧
614-45-9,ターシャリ－ブチル＝ペルオキシベンゾアート,614-45-9,R8.4時点適用対象物質及び裾切値一覧
61432-55-1,Ｓ－１－メチル－１－フェニルエチル＝ピペリジン－１－カルボチオアート,61432-55-1,R8.4時点適用対象物質及び裾切値一覧
615-05-4,２，４－ジアミノアニソール,615-05-4,R8.4時点適用対象物質及び裾切値一覧
615-28-1,オルトーフェニレンジアミン二塩酸塩,615-28-1,R8.4時点適用対象物質及び裾切値一覧
615-53-2,Ｎ－メチル－Ｎ－ニトロソカルバミン酸エチル,615-53-2,R8.4時点適用対象物質及び裾切値一覧
615-58-7,２，４－ジブロモフェノール,615-58-7,R8.4時点適用対象物質及び裾切値一覧
616-23-9,２，３－ジクロロ－１－プロパノール,616-23-9,R8.4時点適用対象物質及び裾切値一覧
616-38-6,炭酸ジメチル,616-38-6,R8.4時点適用対象物質及び裾切値一覧
616-45-5,２－ピロリドン,616-45-5,R10.4追加等対象物質及び裾切値一覧
616-74-0,４，６－ジニトロレソルシノール,616-74-0,R8.4時点適用対象物質及び裾切値一覧
6164-98-3,Ｎ’－（２－メチル－４－クロルフェニル）－Ｎ，Ｎ－ジメチルホルムアミジン,6164-98-3,R8.4時点適用対象物質及び裾切値一覧
6165-51-1,１，４－ジメチル－２－（１－フェニルエチル）ベンゼン,6165-51-1,R8.4時点適用対象物質及び裾切値一覧
617-94-7,２－フェニル－２－プロパノール,617-94-7,R8.4時点適用対象物質及び裾切値一覧
61788-32-7,水素化テルフェニル,61788-32-7,R8.4時点適用対象物質及び裾切値一覧
61788-33-8,塩素化テルフェニル,61788-33-8,R8.4時点適用対象物質及び裾切値一覧
61788-46-3,ココアルキルアミン,61788-46-3,R8.4時点適用対象物質及び裾切値一覧
61788-90-7,ココアルキルジメチルアミン＝オキシド,61788-90-7,R8.4時点適用対象物質及び裾切値一覧
61789-28-4,クレオソート油,61789-28-4,R8.4時点適用対象物質及び裾切値一覧
61789-40-0,（３－アミノプロパン－１－イル）（カルボキシメチル）ジメチルアンモニウムのＮ－ココアシル誘導体内部塩,61789-40-0,R8.4時点適用対象物質及び裾切値一覧
61789-80-8,ビス（水素化牛脂由来アルキル）ジメチルアンモニウム＝クロリド,61789-80-8,R8.4時点適用対象物質及び裾切値一覧
61791-26-2,エトキシ化獣脂アルキルアミン,61791-26-2,R9.4追加等対象物質及び裾切値一覧
618-85-9,３，５－ジニトロトルエン,618-85-9,R8.4時点適用対象物質及び裾切値一覧
619-15-8,２，５－ジニトロトルエン,619-15-8,R8.4時点適用対象物質及び裾切値一覧
6190-65-4,６－クロロ－Ｎ－イソプロピル－１，３，５－トリアジン－２，４－ジアミン,6190-65-4,R8.4時点適用対象物質及び裾切値一覧
61931-75-7,ウンデシルベンゼンスルホン酸並びにそのアンモニウム塩及びナトリウム塩,"50854-94-9,61931-75-7,27636-75-5",R8.4時点適用対象物質及び裾切値一覧
62-23-7,パラ－ニトロ安息香酸,62-23-7,R8.4時点適用対象物質及び裾切値一覧
62-44-2,パラ－エトキシアセトアニリド（別名フェナセチン）,62-44-2,R8.4時点適用対象物質及び裾切値一覧
62-50-0,メタンスルホン酸エチル,62-50-0,R8.4時点適用対象物質及び裾切値一覧
62-53-3,アニリン,62-53-3,R8.4時点適用対象物質及び裾切値一覧
62-55-5,チオアセトアミド,62-55-5,R8.4時点適用対象物質及び裾切値一覧
62-56-6,チオ尿素,62-56-6,R8.4時点適用対象物質及び裾切値一覧
62-73-7,ジメチル－２，２－ジクロロビニルホスフェイト（別名ＤＤＶＰ）,62-73-7,R8.4時点適用対象物質及び裾切値一覧
62-74-8,フルオロ酢酸ナトリウム,62-74-8,R8.4時点適用対象物質及び裾切値一覧
62-75-9,Ｎ，Ｎ－ジメチルニトロソアミン,62-75-9,R8.4時点適用対象物質及び裾切値一覧
62-76-0,しゆう酸の二アンモニウム塩、二カリウム塩及び二ナトリウム塩,"1113-38-8,583-52-8,62-76-0",R8.4時点適用対象物質及び裾切値一覧
620-17-7,３－エチルフェノール,620-17-7,R8.4時点適用対象物質及び裾切値一覧
621-64-7,Ｎ－ニトロソジプロピルアミン,621-64-7,R8.4時点適用対象物質及び裾切値一覧
622-08-2,エチレングリコールモノベンジルエーテル（別名２－（ベンジルオキシ）エタノール）,622-08-2,R8.4時点適用対象物質及び裾切値一覧
622-24-2,（２－クロロエチル）ベンゼン,622-24-2,R8.4時点適用対象物質及び裾切値一覧
622-45-7,酢酸シクロヘキシル,622-45-7,R8.4時点適用対象物質及び裾切値一覧
623-42-7,ブタン酸メチル,623-42-7,R8.4時点適用対象物質及び裾切値一覧
623-46-1,１，２－ジクロロ－１－エトキシエタン,623-46-1,R8.4時点適用対象物質及び裾切値一覧
623-91-6,フマル酸ジエチル,623-91-6,R8.4時点適用対象物質及び裾切値一覧
624-18-0,メターフェニレンジアミン二塩酸塩及びパラーフェニレンジアミン二塩酸塩,"541-69-5,624-18-0",R8.4時点適用対象物質及び裾切値一覧
624-48-6,マレイン酸ジメチル,624-48-6,R8.4時点適用対象物質及び裾切値一覧
624-54-4,プロピオン酸ペンチル,624-54-4,R8.4時点適用対象物質及び裾切値一覧
624-64-6,ブテン,"25167-67-3,106-98-9,107-01-7,590-18-1,624-64-6,115-11-7",R8.4時点適用対象物質及び裾切値一覧
624-83-9,イソシアン酸メチル,624-83-9,R8.4時点適用対象物質及び裾切値一覧
624-91-9,亜硝酸メチル,624-91-9,R8.4時点適用対象物質及び裾切値一覧
624-92-0,ジメチルジスルフィド,624-92-0,R8.4時点適用対象物質及び裾切値一覧
62476-59-9,５－［２－クロロ－４－（トリフルオロメチル）フェノキシ］－２－ニトロ安息香酸ナトリウム,62476-59-9,R8.4時点適用対象物質及び裾切値一覧
625-45-6,メトキシ酢酸,625-45-6,R8.4時点適用対象物質及び裾切値一覧
6259-76-3,ヘキシル＝２－ヒドロキシベンゾアート,6259-76-3,R9.4追加等対象物質及び裾切値一覧
626-17-5,メタ－ジシアノベンゼン,626-17-5,R8.4時点適用対象物質及び裾切値一覧
626-43-7,３，５－ジクロロアニリン,626-43-7,R8.4時点適用対象物質及び裾切値一覧
626-67-5,Ｎ－メチルピペリジン,626-67-5,R8.4時点適用対象物質及び裾切値一覧
627-13-4,硝酸ノルマル－プロピル,627-13-4,R8.4時点適用対象物質及び裾切値一覧
628-63-7,酢酸ペンチル（別名酢酸アミル）,"628-63-7,123-92-2",R8.4時点適用対象物質及び裾切値一覧
628-76-2,１，５－ジクロロペンタン,628-76-2,R8.4時点適用対象物質及び裾切値一覧
628-96-6,ニトログリコール,628-96-6,R8.4時点適用対象物質及び裾切値一覧
62850-32-2,Ｎ，Ｎ－ジメチルチオカルバミン酸Ｓ－４－フェノキシブチル（別名フェノチオカルブ）,62850-32-2,R8.4時点適用対象物質及び裾切値一覧
629-14-1,エチレングリコールジエチルエーテル（別名１，２－ジエトキシエタン）,629-14-1,R8.4時点適用対象物質及び裾切値一覧
63-25-2,１－ナフチル－Ｎ－メチルカルバメート（別名カルバリル）,63-25-2,R8.4時点適用対象物質及び裾切値一覧
63-92-3,Ｎ－（２－クロロエチル）－Ｎ－（１－メチル－２－フェノキシエチル）ベンジルアミン塩酸塩,63-92-3,R8.4時点適用対象物質及び裾切値一覧
630-08-0,一酸化炭素,630-08-0,R8.4時点適用対象物質及び裾切値一覧
630-20-6,１，１，１，２－テトラクロロエタン,630-20-6,R8.4時点適用対象物質及び裾切値一覧
631-60-7,酢酸水銀（Ｉ）,631-60-7,R8.4時点適用対象物質及び裾切値一覧
6317-18-6,メチレンビスチオシアネート,6317-18-6,R8.4時点適用対象物質及び裾切値一覧
632-22-4,テトラメチル尿素,632-22-4,R8.4時点適用対象物質及び裾切値一覧
632-99-5,マゼンタ,632-99-5,R8.4時点適用対象物質及び裾切値一覧
633-65-8,９，１０－ジメトキシ－５，６－ジヒドロ［１，３］ジオキソロ［４，５－ｇ］イソキノリノ［３，２－ａ］イソキノリン－７－イウム＝クロリド,633-65-8,R8.4時点適用対象物質及び裾切値一覧
634-66-2,１，２，３，４－テトラクロロベンゼン,634-66-2,R8.4時点適用対象物質及び裾切値一覧
6358-53-8,１－［（２，５－ジメトキシフェニル）アゾ］－２－ナフトール（別名シトラスレッドナンバー２）,6358-53-8,R8.4時点適用対象物質及び裾切値一覧
6362-80-7,４－メチル－２，４－ジフェニルペンタ－１－エン,6362-80-7,R8.4時点適用対象物質及び裾切値一覧
6369-59-1,２－メチル－パラ－フェニレンジアミン硫酸塩,6369-59-1,R8.4時点適用対象物質及び裾切値一覧
637-92-3,２－エトキシ－２，２－ジメチルエタン,637-92-3,R8.4時点適用対象物質及び裾切値一覧
638-11-9,酪酸イソプロピル,638-11-9,R8.4時点適用対象物質及び裾切値一覧
638-21-1,フェニルホスフィン,638-21-1,R8.4時点適用対象物質及び裾切値一覧
638-38-0,酢酸マンガン（Ⅱ）,638-38-0,R8.4時点適用対象物質及び裾切値一覧
638-49-3,ぎ酸ペンチル,638-49-3,R8.4時点適用対象物質及び裾切値一覧
6386-38-5,３－（３，５－ジ－ターシャリ－ブチル－４－ヒドロキシフェニル）プロパン酸メチル,6386-38-5,R8.4時点適用対象物質及び裾切値一覧
6392-46-7,４－ジアリルアミノ－３，５－ジメチルフェニル－Ｎ－メチルカルバメート,6392-46-7,R8.4時点適用対象物質及び裾切値一覧
63935-38-6,アルファ－シアノ－３－フェノキシベンジル＝２，２－ジクロロ－１－（４－エトキシフェニル）－１－シクロプロパンカルボキシラート（別名シクロプロトリン）,63935-38-6,R8.4時点適用対象物質及び裾切値一覧
64-02-8,エチレンジアミン四酢酸四ナトリウム,64-02-8,R8.4時点適用対象物質及び裾切値一覧
64-04-0,２－フェニルエチルアミン（別名フェネチルアミン）,64-04-0,R8.4時点適用対象物質及び裾切値一覧
64-17-5,エタノール,64-17-5,R8.4時点適用対象物質及び裾切値一覧
64-18-6,ぎ酸,64-18-6,R8.4時点適用対象物質及び裾切値一覧
64-19-7,酢酸,64-19-7,R8.4時点適用対象物質及び裾切値一覧
64-67-5,硫酸ジエチル,64-67-5,R8.4時点適用対象物質及び裾切値一覧
640-15-3,ジメチルエチルメルカプトエチルジチオホスフェイト（別名チオメトン）,640-15-3,R8.4時点適用対象物質及び裾切値一覧
640-19-7,モノフルオール酢酸アミド,640-19-7,R8.4時点適用対象物質及び裾切値一覧
640-67-5,しゆう酸マンガン,640-67-5,R8.4時点適用対象物質及び裾切値一覧
64047-88-7,２，４－ジクロル－６－ニトロフェノール及びそのナトリウム塩,"609-89-2,64047-88-7",R8.4時点適用対象物質及び裾切値一覧
6420-47-9,トリエタノールアンモニウム－２，４－ジニトロ－６－（１－メチルプロピル）－フェノラート,6420-47-9,R8.4時点適用対象物質及び裾切値一覧
6423-43-4,二硝酸プロピレン,6423-43-4,R8.4時点適用対象物質及び裾切値一覧
643-79-8,オルト－フタルアルデヒド,643-79-8,R8.4時点適用対象物質及び裾切値一覧
64359-81-5,４，５－ジクロロ－２－オクチルイソチアゾール－３（２Ｈ）－オン,64359-81-5,R9.4追加等対象物質及び裾切値一覧
644-97-3,ジクロロ（フェニル）ホスフィン,644-97-3,R8.4時点適用対象物質及び裾切値一覧
64440-88-6,ビス（Ｎ，Ｎ－ジメチルジチオカルバミン酸）Ｎ，Ｎ’－エチレンビス（チオカルバモイルチオ亜鉛）（別名ポリカーバメート）,64440-88-6,R8.4時点適用対象物質及び裾切値一覧
6459-94-5,ジナトリウム＝８－［［３，３’－ジメチル－４’－［［４－［［（４－メチルフェニル）スルホニル］オキシ］フェニル］アゾ］［１，１’－ビフェニル］－４－イル］アゾ］－７－ヒドロキシ－１，３－ナフタレンジスルホナート（別名ＣＩアシッドレッド１１４）,6459-94-5,R8.4時点適用対象物質及び裾切値一覧
646-06-0,１，３－ジオキソラン,646-06-0,R8.4時点適用対象物質及び裾切値一覧
6465-92-5,メチルジクロルビニルリン酸カルシウムとジメチルジクロルビニルホスフェイトとの錯化合物,6465-92-5,R8.4時点適用対象物質及び裾切値一覧
64741-44-2,軽油,64741-44-2,R8.4時点適用対象物質及び裾切値一覧
64742-47-8,ミネラルスピリット（ミネラルシンナー、ペトロリウムスピリット、ホワイトスピリット及びミネラルターペンを含む。）,64742-47-8,R8.4時点適用対象物質及び裾切値一覧
6484-52-2,硝酸アンモニウム,6484-52-2,R8.4時点適用対象物質及び裾切値一覧
6485-40-1,（Ｒ）－２－メチル－５－（プロパ－１－エン－２－イル）シクロヘキサ－２－エン－１－オン,6485-40-1,R8.4時点適用対象物質及び裾切値一覧
65-30-5,３－（１－メチル－２－ピロリジニル）ピリジン硫酸塩（別名ニコチン硫酸塩）,65-30-5,R8.4時点適用対象物質及び裾切値一覧
65-45-2,２－ヒドロキシベンズアミド（別名サリチルアミド）,65-45-2,R8.4時点適用対象物質及び裾切値一覧
65-85-0,安息香酸,65-85-0,R8.4時点適用対象物質及び裾切値一覧
65-86-1,オロト酸,65-86-1,R8.4時点適用対象物質及び裾切値一覧
650-51-1,トリクロロ酢酸ナトリウム,650-51-1,R8.4時点適用対象物質及び裾切値一覧
65321-67-7,トルエン－２，４－ジアンモニウム硫酸塩,65321-67-7,R8.4時点適用対象物質及び裾切値一覧
659-70-1,３－メチルブタン酸イソペンチル,659-70-1,R8.4時点適用対象物質及び裾切値一覧
65907-30-4,ブチル＝２，３－ジヒドロ－２，２－ジメチルベンゾフラン－７－イル＝Ｎ，Ｎ’－ジメチル－Ｎ，Ｎ’－チオジカルバマート（別名フラチオカルブ）,65907-30-4,R8.4時点適用対象物質及び裾切値一覧
65997-15-1,ポルトランドセメント,65997-15-1,R10.4追加等対象物質及び裾切値一覧
66-25-1,ヘキサナール,66-25-1,R8.4時点適用対象物質及び裾切値一覧
66-27-3,メタンスルホン酸メチル,66-27-3,R8.4時点適用対象物質及び裾切値一覧
66-32-0,硝酸ストリキニーネ,66-32-0,R8.4時点適用対象物質及び裾切値一覧
66-76-2,３，３’－メチレンビス（４－ヒドロキシ－２Ｈ－クロメン－２－オン）,66-76-2,R8.4時点適用対象物質及び裾切値一覧
66-81-9,シクロヘキシミド,66-81-9,R8.4時点適用対象物質及び裾切値一覧
66230-04-4,（Ｓ）－アルファ－シアノ－３－フェノキシベンジル＝（Ｓ）－２－（４－クロロフェニル）－３－メチルブチラート（別名エスフェンバレレート）,66230-04-4,R8.4時点適用対象物質及び裾切値一覧
6649-23-6,（Ｓ）－２，３，５，６－テトラヒドロ－６－フェニルイミダゾ［２，１－ｂ］チアゾール及びその塩酸塩,"6649-23-6,16595-80-5",R8.4時点適用対象物質及び裾切値一覧
66841-25-6,（Ｓ）－アルファ－シアノ－３－フェノキシベンジル＝（１Ｒ，３Ｓ）－２，２－ジメチル－３－（１，２，２，２－テトラブロモエチル）シクロプロパンカルボキシラート（別名トラロメトリン）,66841-25-6,R8.4時点適用対象物質及び裾切値一覧
66952-49-6,Ｓ－（４－メチルスルホニルオキシフェニル）－Ｎ－メチルチオカルバマート,66952-49-6,R8.4時点適用対象物質及び裾切値一覧
67-43-6,ジエチレントリアミン五酢酸,67-43-6,R10.4追加等対象物質及び裾切値一覧
67-51-6,３，５－ジメチルピラゾール,67-51-6,R10.4追加等対象物質及び裾切値一覧
67-56-1,メタノール,67-56-1,R8.4時点適用対象物質及び裾切値一覧
67-63-0,プロピルアルコール,"71-23-8,67-63-0",R8.4時点適用対象物質及び裾切値一覧
67-64-1,アセトン,67-64-1,R8.4時点適用対象物質及び裾切値一覧
67-66-3,クロロホルム,67-66-3,R8.4時点適用対象物質及び裾切値一覧
67-68-5,ジメチルスルホキシド,67-68-5,R8.4時点適用対象物質及び裾切値一覧
67-72-1,ヘキサクロロエタン,67-72-1,R8.4時点適用対象物質及び裾切値一覧
67-97-0,コレカルシフェロール（別名ビタミンＤ３）,67-97-0,R8.4時点適用対象物質及び裾切値一覧
671-04-5,２－クロル－４，５－ジメチルフェニル－Ｎ－メチルカルバメート,671-04-5,R8.4時点適用対象物質及び裾切値一覧
6731-36-8,１，１－ビス（ターシャリ－ブチルペルオキシ）－３，３，５－トリメチルシクロヘキサン,6731-36-8,R8.4時点適用対象物質及び裾切値一覧
67375-30-8,（Ｓ）－アルファ－シアノ－３－フェノキシベンジル＝３－（２，２－ジクロロビニル）－２，２－ジメチル－シス－シクロプロパンカルボキシラート,67375-30-8,R8.4時点適用対象物質及び裾切値一覧
674-82-8,４－メチリデンオキセタン－２－オン,674-82-8,R8.4時点適用対象物質及び裾切値一覧
67485-29-4,テトラヒドロ－５，５－ジメチル－２（１Ｈ）－ピリミジノン［パラ－（トリフルオロメチル）－アルファ－［パラ－（トリフルオロメチル）スチリル］シンナミリデン］ヒドラゾン,67485-29-4,R8.4時点適用対象物質及び裾切値一覧
676-97-1,メチルホスホン酸ジクロリド,676-97-1,R8.4時点適用対象物質及び裾切値一覧
67747-09-5,Ｎ－プロピル－Ｎ－［２－（２，４，６－トリクロロフェノキシ）エチル］イミダゾール－１－カルボキサミド（別名プロクロラズ）,67747-09-5,R8.4時点適用対象物質及び裾切値一覧
67762-41-8,アルカノール（炭素数が１０から１６までのもの及びその混合物に限る。）,"67762-41-8,112-42-5,112-30-1,112-72-1",R8.4時点適用対象物質及び裾切値一覧
678-39-7,３，３，４，４，５，５，６，６，７，７，８，８，９，９，１０，１０，１０－ヘプタデカフルオロデカン－１－オール（別名８：２フルオロテロマーアルコール）,678-39-7,R10.4追加等対象物質及び裾切値一覧
68-11-1,メルカプト酢酸,68-11-1,R8.4時点適用対象物質及び裾切値一覧
68-12-2,Ｎ，Ｎ－ジメチルホルムアミド,68-12-2,R8.4時点適用対象物質及び裾切値一覧
680-31-9,ヘキサメチルホスホリックトリアミド,680-31-9,R8.4時点適用対象物質及び裾切値一覧
6804-07-5,２－［［（メトキシカルボニル）ヒドラゾノ］メチル］キノキサリン＝１，４－ジオキシド,6804-07-5,R8.4時点適用対象物質及び裾切値一覧
681-84-5,テトラメトキシシラン,681-84-5,R8.4時点適用対象物質及び裾切値一覧
68157-60-8,１－（２－クロロ－４－ピリジル）－３－フェニル尿素,68157-60-8,R8.4時点適用対象物質及び裾切値一覧
68259-08-5,アンモニウム＝トリデカオロヘキサン－１－スルホナート,68259-08-5,R10.4追加等対象物質及び裾切値一覧
683-10-3,２－（Ｎ－ドデシル－Ｎ，Ｎ－ジメチルアンモニオ）アセタート,683-10-3,R8.4時点適用対象物質及び裾切値一覧
68308-34-9,けつ岩油,68308-34-9,R8.4時点適用対象物質及び裾切値一覧
6834-92-0,メタけい酸ナトリウム並びにその五水和物及び九水和物,"6834-92-0,10213-79-3,13517-24-3",R8.4時点適用対象物質及び裾切値一覧
68359-37-5,アルファ－シアノ－４－フルオロ－３－フェノキシベンジル＝３－（２，２－ジクロロビニル）－２，２－ジメチルシクロプロパンカルボキシラート（別名シフルトリン）,68359-37-5,R8.4時点適用対象物質及び裾切値一覧
684-16-2,ヘキサフルオロアセトン,684-16-2,R8.4時点適用対象物質及び裾切値一覧
684-93-5,Ｎ－メチル－Ｎ－ニトロソ尿素,684-93-5,R8.4時点適用対象物質及び裾切値一覧
6842-15-5,プロピレン四量体,6842-15-5,R8.4時点適用対象物質及び裾切値一覧
68424-85-1,アルキル（ベンジル）（ジメチル）アンモニウム=クロリド（アルキル基の炭素数が１２から１６までのもの及びその混合物に限る。）,"122-18-9,139-07-1,139-08-2,68424-85-1,85409-22-9",R9.4追加等対象物質及び裾切値一覧
68439-46-3,ポリ（オキシエチレン）アルキルエーテル（アルキル基の炭素数が９から１１までのもの及びその混合物に限る。）,68439-46-3,R9.4追加等対象物質及び裾切値一覧
68439-57-6,ナトリウム＝アルケンスルホナート（アルケンの炭素数が１４から１６までのもの及びその混合物に限る。）及びナトリウム＝ヒドロキシアルカンスルホナート（アルカンの炭素数が１４から１６までのもの及びその混合物に限る。）並びにこれらの混合物,68439-57-6,R8.4時点適用対象物質及び裾切値一覧
68515-50-4,フタル酸ジヘキシル,"68515-50-4,84-75-3,71850-09-4",R8.4時点適用対象物質及び裾切値一覧
68603-42-9,Ｎ，Ｎ－ビス（２－ヒドロキシエチル）（ココアミド）,68603-42-9,R8.4時点適用対象物質及び裾切値一覧
68609-97-2,２－［（アルキルオキシ）メチル］オキシラン（アルキル基の炭素数が１２から１４までのもの及びその混合物に限る。）,68609-97-2,R8.4時点適用対象物質及び裾切値一覧
6864-37-5,４，４’－メチレンビス（２－メチルシクロヘキサンアミン）,6864-37-5,R8.4時点適用対象物質及び裾切値一覧
68694-11-1,（Ｅ）－４－クロロ－Ｎ－［１－（１－イミダゾリル）－２－プロポキシエチリデン］－２－（トリフルオロメチル）アニリン,68694-11-1,R9.4追加等対象物質及び裾切値一覧
688-84-6,メタクリル酸２－エチルヘキシル,688-84-6,R8.4時点適用対象物質及び裾切値一覧
688046-61-9,（５－クロロ－２－メトキシ－４－メチルピリジン－３－イル）（２，３，４－トリメトキシ－６－メチルフェニル）メタノン（別名ピリオフェノン）,688046-61-9,R9.4追加等対象物質及び裾切値一覧
68860-54-8,ターシャリ－ペンチル＝３，５，５－トリメチルペルオキシヘキサノアート,68860-54-8,R8.4時点適用対象物質及び裾切値一覧
68912-13-0,トリシクロ［５．２．１．０２，６］デカ－４－エン－３－イル＝プロピオナート,68912-13-0,R9.4追加等対象物質及び裾切値一覧
68920-66-1,ポリ（オキシエチレン）アルキルエーテル（アルキル基の炭素数が１６から１８までのもの及び炭素数が１８かつ不飽和のもの並びにその混合物に限る。）,68920-66-1,R9.4追加等対象物質及び裾切値一覧
68937-41-7,りん酸トリス（イソプロピルフェニル）,68937-41-7,R8.4時点適用対象物質及び裾切値一覧
68955-20-4,アルキル硫酸エステルナトリウム（アルキル基の炭素数が１６から１８までのもの及びその混合物に限る。）,68955-20-4,R8.4時点適用対象物質及び裾切値一覧
69-72-7,サリチル酸,69-72-7,R8.4時点適用対象物質及び裾切値一覧
691-37-2,４－メチル－１－ペンテン,691-37-2,R8.4時点適用対象物質及び裾切値一覧
6915-15-7,２－ヒドロキシコハク酸,6915-15-7,R8.4時点適用対象物質及び裾切値一覧
6923-22-4,りん酸ジメチル＝（Ｅ）－１－（Ｎ－メチルカルバモイル）－１－プロペン－２－イル（別名モノクロトホス）,6923-22-4,R8.4時点適用対象物質及び裾切値一覧
693-13-0,１，３－ジイソプロピルカルボジイミド,693-13-0,R8.4時点適用対象物質及び裾切値一覧
693-98-1,２－メチル－１Ｈ－イミダゾール,693-98-1,R8.4時点適用対象物質及び裾切値一覧
69327-76-0,２－ターシャリ－ブチルイミノ－３－イソプロピル－５－フェニルテトラヒドロ－４Ｈ－１，３，５－チアジアジン－４－オン（別名ブプロフェジン）,69327-76-0,R8.4時点適用対象物質及び裾切値一覧
69523-06-4,フェロセリウム,69523-06-4,R8.4時点適用対象物質及び裾切値一覧
6988-21-2,２－（１，３－ジオキソラン－２－イル）－フェニル－Ｎ－メチルカルバメート,6988-21-2,R8.4時点適用対象物質及び裾切値一覧
70-25-7,Ｎ－メチル－Ｎ’－ニトロ－Ｎ－ニトロソグアニジン,70-25-7,R8.4時点適用対象物質及び裾切値一覧
70-30-4,２，２’－メチレンビス（３，４，６－トリクロロフェノール）,70-30-4,R8.4時点適用対象物質及び裾切値一覧
70-34-8,１－フルオロ－２，４－ジニトロベンゼン,70-34-8,R8.4時点適用対象物質及び裾切値一覧
700-13-0,２，３，５－トリメチルハイドロキノン,700-13-0,R8.4時点適用対象物質及び裾切値一覧
70476-82-3,５，８－ビス［２－（２－ヒドロキシエチルアミノ）エチルアミノ］－１，４－アントラキノンジオール＝二塩酸塩,70476-82-3,R8.4時点適用対象物質及び裾切値一覧
7085-85-0,２－シアノアクリル酸エチル,7085-85-0,R8.4時点適用対象物質及び裾切値一覧
709-98-8,３’，４’－ジクロロプロピオンアニリド,709-98-8,R8.4時点適用対象物質及び裾切値一覧
70987-78-9,（Ｓ）－オキシラン－２－イルメチル＝４－メチルベンゼンスルホナート,70987-78-9,R8.4時点適用対象物質及び裾切値一覧
71-23-8,プロピルアルコール,"71-23-8,67-63-0",R8.4時点適用対象物質及び裾切値一覧
71-36-3,イソブチルアルコール及び１－ブタノール,"78-83-1,71-36-3",R8.4時点適用対象物質及び裾切値一覧
71-41-0,１－ペンタノール,71-41-0,R8.4時点適用対象物質及び裾切値一覧
71-43-2,ベンゼン,71-43-2,R8.4時点適用対象物質及び裾切値一覧
71-55-6,１，１，１－トリクロロエタン,71-55-6,R8.4時点適用対象物質及び裾切値一覧
71048-99-2,Ｌ－２－アミノ－４－［（ヒドロキシ）（メチル）ホスフィノイル］ブチリル－Ｌ－アラニル－Ｌ－アラニンナトリウム塩,71048-99-2,R8.4時点適用対象物質及び裾切値一覧
71133-14-7,ブロモジクロロ酢酸,71133-14-7,R8.4時点適用対象物質及び裾切値一覧
712-68-5,５－（５－ニトロフラン－２－イル）－１，３，４－チアジアゾール－２－アミン,712-68-5,R8.4時点適用対象物質及び裾切値一覧
71561-11-0,２－［４－（２，４－ジクロロベンゾイル）－１，３－ジメチル－５－ピラゾリルオキシ］アセトフェノン（別名ピラゾキシフェン）,71561-11-0,R8.4時点適用対象物質及び裾切値一覧
7173-51-5,ジデシル（ジメチル）アンモニウム＝クロリド,7173-51-5,R8.4時点適用対象物質及び裾切値一覧
71850-09-4,フタル酸ジヘキシル,"68515-50-4,84-75-3,71850-09-4",R8.4時点適用対象物質及び裾切値一覧
71868-10-5,２－メチル－１－［４－（メチルチオ）フェニル］－２－モルホリノ－１－プロパノン,71868-10-5,R8.4時点適用対象物質及び裾切値一覧
72-20-8,１，２，３，４，１０，１０－ヘキサクロロ－６，７－エポキシ－１，４，４ａ，５，６，７，８，８ａ－オクタヒドロ－エンド－１，４－エンド－５，８－ジメタノナフタレン（別名エンドリン）,72-20-8,R8.4時点適用対象物質及び裾切値一覧
72-43-5,１，１，１－トリクロロ－２，２－ビス（４－メトキシフェニル）エタン（別名メトキシクロル）,72-43-5,R8.4時点適用対象物質及び裾切値一覧
72-54-8,４，４’－（２，２－ジクロロエタン－１，１－ジイル）ジ（クロロベンゼン）,72-54-8,R8.4時点適用対象物質及び裾切値一覧
72-55-9,４，４’－（２，２－ジクロロエテン－１，１－ジイル）ジ（クロロベンゼン）,72-55-9,R8.4時点適用対象物質及び裾切値一覧
72-57-1,テトラナトリウム＝３，３’－［（３，３’－ジメチル－４，４’－ビフェニリレン）ビス（アゾ）］ビス［５－アミノ－４－ヒドロキシ－２，７－ナフタレンジスルホナート］（別名トリパンブルー）,72-57-1,R8.4時点適用対象物質及び裾切値一覧
7281-04-1,ベンジル（ドデシル）（ジメチル）アンモニウム＝ブロミド,7281-04-1,R9.4追加等対象物質及び裾切値一覧
7287-19-6,２，４－ビス（イソプロピルアミノ）－６－メチルチオ－１，３，５－トリアジン（別名プロメトリン）,7287-19-6,R9.4追加等対象物質及び裾切値一覧
7292-16-2,ジプロピル－４－メチルチオフェニルホスフェイト,7292-16-2,R8.4時点適用対象物質及び裾切値一覧
731-27-1,Ｎ－ジクロロフルオロメチルチオ－Ｎ’，Ｎ’－ジメチル－Ｎ－パラ－トリルスルファミド,731-27-1,R8.4時点適用対象物質及び裾切値一覧
7311-27-5,１１－（４－ノニルフェノキシ）－３，６，９－トリオキサウンデカン－１－オール,7311-27-5,R8.4時点適用対象物質及び裾切値一覧
732-11-6,ジメチルフタリルイミドメチルジチオホスフェイト,732-11-6,R8.4時点適用対象物質及び裾切値一覧
732-26-3,２，４，６－トリ－ターシャリ－ブチルフェノール,732-26-3,R8.4時点適用対象物質及び裾切値一覧
73250-68-7,２－（２－ベンゾチアゾリルオキシ）－Ｎ－メチルアセトアニリド（別名メフェナセット）,73250-68-7,R8.4時点適用対象物質及び裾切値一覧
736994-63-1,３－ブロモ－１－（３－クロロピリジン－２－イル）－Ｎ－［４－シアノ－２－メチル－６－（メチルカルバモイル）フェニル］－１Ｈ－ピラゾール－５－カルボキサミド（別名シアントラニリプロール）,736994-63-1,R9.4追加等対象物質及び裾切値一覧
738-70-5,５－［（３，４，５－トリメトキシフェニル）メチル］ピリミジン－２，４－ジアミン,738-70-5,R8.4時点適用対象物質及び裾切値一覧
7396-58-9,Ｎ－メチルジデカン－１－イルアミン,7396-58-9,R9.4追加等対象物質及び裾切値一覧
7397-62-8,２－ヒドロキシ酢酸ブチル,7397-62-8,R8.4時点適用対象物質及び裾切値一覧
74-11-3,パラ－クロロ安息香酸,74-11-3,R8.4時点適用対象物質及び裾切値一覧
74-31-7,Ｎ，Ｎ’－ジフェニル－パラ－フェニレンジアミン,74-31-7,R8.4時点適用対象物質及び裾切値一覧
74-82-8,メタン,74-82-8,R8.4時点適用対象物質及び裾切値一覧
74-83-9,臭化メチル,74-83-9,R8.4時点適用対象物質及び裾切値一覧
74-84-0,エタン,74-84-0,R8.4時点適用対象物質及び裾切値一覧
74-85-1,エチレン,74-85-1,R8.4時点適用対象物質及び裾切値一覧
74-86-2,アセチレン,74-86-2,R8.4時点適用対象物質及び裾切値一覧
74-87-3,クロロメタン（別名塩化メチル）,74-87-3,R8.4時点適用対象物質及び裾切値一覧
74-89-5,メチルアミン,74-89-5,R8.4時点適用対象物質及び裾切値一覧
74-90-8,シアン化水素,74-90-8,R8.4時点適用対象物質及び裾切値一覧
74-93-1,メチルメルカプタン,74-93-1,R8.4時点適用対象物質及び裾切値一覧
74-95-3,ジブロモメタン,74-95-3,R8.4時点適用対象物質及び裾切値一覧
74-96-4,臭化エチル,74-96-4,R8.4時点適用対象物質及び裾切値一覧
74-97-5,ブロモクロロメタン,74-97-5,R8.4時点適用対象物質及び裾切値一覧
74-98-6,プロパン,74-98-6,R8.4時点適用対象物質及び裾切値一覧
74-99-7,メチルアセチレン,74-99-7,R8.4時点適用対象物質及び裾切値一覧
74115-24-5,３，６－ビス（２－クロロフェニル）－１，２，４，５－テトラジン（別名クロフェンチジン）,74115-24-5,R8.4時点適用対象物質及び裾切値一覧
74222-97-2,２－（４，６－ジメチル－２－ピリミジニルアミノカルボニルアミノスルフォニル）安息香酸メチル（別名スルホメチュロンメチル）,74222-97-2,R8.4時点適用対象物質及び裾切値一覧
7429-90-5,アルミニウム,7429-90-5,R8.4時点適用対象物質及び裾切値一覧
7439-93-2,金属「リチウム」,7439-93-2,R8.4時点適用対象物質及び裾切値一覧
7439-95-4,マグネシウム（粉状のものに限る。）,7439-95-4,R8.4時点適用対象物質及び裾切値一覧
7439-96-5,マンガン,7439-96-5,R8.4時点適用対象物質及び裾切値一覧
7440-02-0,ニッケル,7440-02-0,R8.4時点適用対象物質及び裾切値一覧
7440-09-7,金属「カリウム」,7440-09-7,R8.4時点適用対象物質及び裾切値一覧
7440-21-3,けい素（粉状又は無定形のものに限る。）,7440-21-3,R8.4時点適用対象物質及び裾切値一覧
7440-23-5,金属「ナトリウム」,7440-23-5,R8.4時点適用対象物質及び裾切値一覧
7440-24-6,ストロンチウム,7440-24-6,R8.4時点適用対象物質及び裾切値一覧
7440-32-6,チタン（粉状のものに限る。）,7440-32-6,R8.4時点適用対象物質及び裾切値一覧
7440-37-1,アルゴン（高圧のガスの状態のものに限る。）,7440-37-1,R8.4時点適用対象物質及び裾切値一覧
7440-45-1,セリウム,7440-45-1,R8.4時点適用対象物質及び裾切値一覧
7440-59-7,ヘリウム（高圧のガスの状態のものに限る。）,7440-59-7,R8.4時点適用対象物質及び裾切値一覧
7440-66-6,亜鉛,7440-66-6,R8.4時点適用対象物質及び裾切値一覧
7440-67-7,ジルコニウム,7440-67-7,R8.4時点適用対象物質及び裾切値一覧
7440-69-9,ビスマス,7440-69-9,R8.4時点適用対象物質及び裾切値一覧
7440-70-2,カルシウム,7440-70-2,R8.4時点適用対象物質及び裾切値一覧
7440-74-6,インジウム,7440-74-6,R8.4時点適用対象物質及び裾切値一覧
7446-09-5,二酸化硫黄,7446-09-5,R8.4時点適用対象物質及び裾切値一覧
7446-19-7,硫酸亜鉛の一水和物及び七水和物,"7446-19-7,7446-20-0",R8.4時点適用対象物質及び裾切値一覧
7446-20-0,硫酸亜鉛の一水和物及び七水和物,"7446-19-7,7446-20-0",R8.4時点適用対象物質及び裾切値一覧
7447-41-8,塩化リチウム,7447-41-8,R8.4時点適用対象物質及び裾切値一覧
7481-89-2,４－アミノ－１－［（２Ｒ，５Ｓ）－５－（ヒドロキシメチル）オキソラン－２－イル］ピリミジン－２（１Ｈ）－オン,7481-89-2,R8.4時点適用対象物質及び裾切値一覧
7496-02-8,６－ニトロクリセン,7496-02-8,R8.4時点適用対象物質及び裾切値一覧
75-00-3,クロロエタン（別名塩化エチル）,75-00-3,R8.4時点適用対象物質及び裾切値一覧
75-01-4,塩化ビニル,75-01-4,R8.4時点適用対象物質及び裾切値一覧
75-02-5,弗化ビニル,75-02-5,R8.4時点適用対象物質及び裾切値一覧
75-04-7,エチルアミン,75-04-7,R8.4時点適用対象物質及び裾切値一覧
75-05-8,アセトニトリル,75-05-8,R8.4時点適用対象物質及び裾切値一覧
75-07-0,アセトアルデヒド,75-07-0,R8.4時点適用対象物質及び裾切値一覧
75-08-1,エタンチオール,75-08-1,R8.4時点適用対象物質及び裾切値一覧
75-09-2,ジクロロメタン（別名二塩化メチレン）,75-09-2,R8.4時点適用対象物質及び裾切値一覧
75-10-5,ジフルオロメタン,75-10-5,R8.4時点適用対象物質及び裾切値一覧
75-12-7,ホルムアミド,75-12-7,R8.4時点適用対象物質及び裾切値一覧
75-15-0,二硫化炭素,75-15-0,R8.4時点適用対象物質及び裾切値一覧
75-18-3,硫化ジメチル,75-18-3,R8.4時点適用対象物質及び裾切値一覧
75-19-4,シクロプロパン,75-19-4,R8.4時点適用対象物質及び裾切値一覧
75-20-7,炭化カルシウム,75-20-7,R8.4時点適用対象物質及び裾切値一覧
75-21-8,エチレンオキシド,75-21-8,R8.4時点適用対象物質及び裾切値一覧
75-25-2,トリブロモメタン,75-25-2,R8.4時点適用対象物質及び裾切値一覧
75-26-3,２－ブロモプロパン,75-26-3,R8.4時点適用対象物質及び裾切値一覧
75-27-4,ブロモジクロロメタン,75-27-4,R8.4時点適用対象物質及び裾切値一覧
75-29-6,２－クロロプロパン,75-29-6,R8.4時点適用対象物質及び裾切値一覧
75-31-0,イソプロピルアミン,75-31-0,R8.4時点適用対象物質及び裾切値一覧
75-34-3,１，１－ジクロロエタン,75-34-3,R8.4時点適用対象物質及び裾切値一覧
75-35-4,１，１－ジクロロエチレン,75-35-4,R8.4時点適用対象物質及び裾切値一覧
75-36-5,アセチル＝クロリド,75-36-5,R8.4時点適用対象物質及び裾切値一覧
75-37-6,１，１－ジフルオロエタン,75-37-6,R8.4時点適用対象物質及び裾切値一覧
75-38-7,弗化ビニリデン,75-38-7,R8.4時点適用対象物質及び裾切値一覧
75-43-4,ジクロロフルオロメタン（別名ＨＣＦＣ－２１）,75-43-4,R8.4時点適用対象物質及び裾切値一覧
75-44-5,ホスゲン,75-44-5,R8.4時点適用対象物質及び裾切値一覧
75-45-6,クロロジフルオロメタン（別名ＨＣＦＣ－２２）,75-45-6,R8.4時点適用対象物質及び裾切値一覧
75-46-7,トリフルオロメタン,75-46-7,R8.4時点適用対象物質及び裾切値一覧
75-47-8,ヨードホルム,75-47-8,R8.4時点適用対象物質及び裾切値一覧
75-50-3,トリメチルアミン,75-50-3,R8.4時点適用対象物質及び裾切値一覧
75-52-5,ニトロメタン,75-52-5,R8.4時点適用対象物質及び裾切値一覧
75-54-7,ジクロロ（メチル）シラン,75-54-7,R8.4時点適用対象物質及び裾切値一覧
75-55-8,プロピレンイミン,75-55-8,R8.4時点適用対象物質及び裾切値一覧
75-56-9,酸化プロピレン,75-56-9,R8.4時点適用対象物質及び裾切値一覧
75-57-0,テトラメチルアンモニウム＝クロリド,75-57-0,R8.4時点適用対象物質及び裾切値一覧
75-59-2,テトラメチルアンモニウム＝ヒドロキシド,75-59-2,R8.4時点適用対象物質及び裾切値一覧
75-61-6,ジブロモジフルオロメタン,75-61-6,R8.4時点適用対象物質及び裾切値一覧
75-63-8,ブロモトリフルオロメタン,75-63-8,R8.4時点適用対象物質及び裾切値一覧
75-64-9,ターシャリ－ブチルアミン,75-64-9,R8.4時点適用対象物質及び裾切値一覧
75-65-0,ターシャリ－ブタノール及び２－ブタノール,"75-65-0,78-92-2",R8.4時点適用対象物質及び裾切値一覧
75-66-1,２－メチルプロパン－２－チオール,75-66-1,R8.4時点適用対象物質及び裾切値一覧
75-68-3,１－クロロ－１，１－ジフルオロエタン（別名ＨＣＦＣ－１４２ｂ）,75-68-3,R8.4時点適用対象物質及び裾切値一覧
75-69-4,トリクロロフルオロメタン（別名ＣＦＣ－１１）,75-69-4,R8.4時点適用対象物質及び裾切値一覧
75-71-8,ジクロロジフルオロメタン（別名ＣＦＣ－１２）,75-71-8,R8.4時点適用対象物質及び裾切値一覧
75-72-9,クロロトリフルオロメタン（別名ＣＦＣ－１３）（高圧のガスの状態のものに限る。）,75-72-9,R8.4時点適用対象物質及び裾切値一覧
75-73-0,テトラフルオロメタン,75-73-0,R8.4時点適用対象物質及び裾切値一覧
75-75-2,メタンスルホン酸,75-75-2,R8.4時点適用対象物質及び裾切値一覧
75-76-3,テトラメチルシラン,75-76-3,R8.4時点適用対象物質及び裾切値一覧
75-77-4,クロロトリメチルシラン,75-77-4,R8.4時点適用対象物質及び裾切値一覧
75-78-5,ジクロロ（ジメチル）シラン,75-78-5,R8.4時点適用対象物質及び裾切値一覧
75-79-6,トリクロロ（メチル）シラン,75-79-6,R8.4時点適用対象物質及び裾切値一覧
75-85-4,２－メチル－２－ブタノール,75-85-4,R8.4時点適用対象物質及び裾切値一覧
75-86-5,アセトンシアノヒドリン,75-86-5,R8.4時点適用対象物質及び裾切値一覧
75-87-6,トリクロロアセトアルデヒド（別名クロラール）,75-87-6,R8.4時点適用対象物質及び裾切値一覧
75-88-7,クロロトリフルオロエタン（別名ＨＣＦＣ－１３３）,75-88-7,R8.4時点適用対象物質及び裾切値一覧
75-89-8,２，２，２－トリフルオロエタン－１－オール,75-89-8,R8.4時点適用対象物質及び裾切値一覧
75-91-2,ターシャリ－ブチル＝ヒドロペルオキシド,75-91-2,R8.4時点適用対象物質及び裾切値一覧
75-94-5,トリクロロ（ビニル）シラン,75-94-5,R8.4時点適用対象物質及び裾切値一覧
75-97-8,３，３－ジメチル－２－ブタノン,75-97-8,R8.4時点適用対象物質及び裾切値一覧
75-98-9,２，２－ジメチルプロパン酸,75-98-9,R8.4時点適用対象物質及び裾切値一覧
75-99-0,２，２－ジクロロプロピオン酸,75-99-0,R8.4時点適用対象物質及び裾切値一覧
754-12-1,２，３，３，３－テトラフルオロプロパ－１－エン,754-12-1,R9.4追加等対象物質及び裾切値一覧
7550-35-8,臭化リチウム,7550-35-8,R8.4時点適用対象物質及び裾切値一覧
7550-45-0,四塩化チタニウム,7550-45-0,R10.4追加等対象物質及び裾切値一覧
7553-56-2,沃素,7553-56-2,R8.4時点適用対象物質及び裾切値一覧
756-79-6,メチルホスホン酸ジメチル,756-79-6,R8.4時点適用対象物質及び裾切値一覧
756-80-9,ジチオりん酸Ｏ，Ｏ－ジメチル,756-80-9,R8.4時点適用対象物質及び裾切値一覧
7572-29-4,ジクロロアセチレン,7572-29-4,R8.4時点適用対象物質及び裾切値一覧
7580-67-8,水素化リチウム,7580-67-8,R8.4時点適用対象物質及び裾切値一覧
7580-85-0,２－ターシャリ－ブトキシエタノール,7580-85-0,R8.4時点適用対象物質及び裾切値一覧
759-73-9,Ｎ－エチル－Ｎ－ニトロソ尿素,759-73-9,R8.4時点適用対象物質及び裾切値一覧
759-94-4,Ｎ，Ｎ－ジプロピルチオカルバミン酸Ｓ－エチル,759-94-4,R8.4時点適用対象物質及び裾切値一覧
76-01-7,ペンタクロロエタン,76-01-7,R8.4時点適用対象物質及び裾切値一覧
76-03-9,トリクロロ酢酸,76-03-9,R8.4時点適用対象物質及び裾切値一覧
76-05-1,トリフルオロ酢酸,76-05-1,R8.4時点適用対象物質及び裾切値一覧
76-06-2,クロロピクリン,76-06-2,R8.4時点適用対象物質及び裾切値一覧
76-12-0,テトラクロロジフルオロエタン（別名ＣＦＣ－１１２）,76-12-0,R8.4時点適用対象物質及び裾切値一覧
76-13-1,１，１，２－トリクロロ－１，２，２－トリフルオロエタン,76-13-1,R8.4時点適用対象物質及び裾切値一覧
76-14-2,ジクロロテトラフルオロエタン（別名ＣＦＣ－１１４）,76-14-2,R8.4時点適用対象物質及び裾切値一覧
76-15-3,クロロペンタフルオロエタン（別名ＣＦＣ－１１５）,76-15-3,R8.4時点適用対象物質及び裾切値一覧
76-16-4,ヘキサフルオロエタン（高圧のガスの状態のものに限る。）,76-16-4,R8.4時点適用対象物質及び裾切値一覧
76-19-7,オクタフルオロプロパン（高圧のガスの状態のものに限る。）,76-19-7,R8.4時点適用対象物質及び裾切値一覧
76-22-2,しよう脳,76-22-2,R8.4時点適用対象物質及び裾切値一覧
76-44-8,１，４，５，６，７，８，８－ヘプタクロロ－３ａ，４，７，７ａ－テトラヒドロ－４，７－メタノ－１Ｈ－インデン（別名ヘプタクロル）,76-44-8,R8.4時点適用対象物質及び裾切値一覧
76-93-7,２，２－ジフェニル－２－ヒドロキシ酢酸,76-93-7,R8.4時点適用対象物質及び裾切値一覧
760-23-6,３，４－ジクロロ－１－ブテン,760-23-6,R8.4時点適用対象物質及び裾切値一覧
760-67-8,２－エチルヘキサノイル＝クロリド,760-67-8,R8.4時点適用対象物質及び裾切値一覧
7601-54-9,りん酸ナトリウム（別名りん酸三ナトリウム）,7601-54-9,R8.4時点適用対象物質及び裾切値一覧
7601-89-0,過塩素酸のアンモニウム塩、カリウム塩、ナトリウム塩及びマグネシウム塩,"7790-98-9,7778-74-7,7601-89-0,10034-81-8",R8.4時点適用対象物質及び裾切値一覧
7601-90-3,過塩素酸,7601-90-3,R8.4時点適用対象物質及び裾切値一覧
763-69-9,３－エトキシプロパン酸エチル,763-69-9,R8.4時点適用対象物質及び裾切値一覧
7631-90-5,亜硫酸水素ナトリウム,7631-90-5,R8.4時点適用対象物質及び裾切値一覧
7631-99-4,硝酸ナトリウム,7631-99-4,R8.4時点適用対象物質及び裾切値一覧
7632-00-0,亜硝酸ナトリウム,7632-00-0,R8.4時点適用対象物質及び裾切値一覧
7632-04-4,過ほう酸ナトリウム並びにその一水和物、三水和物及び四水和物,"7632-04-4,10332-33-9,10486-00-7,13517-20-9",R8.4時点適用対象物質及び裾切値一覧
7632-51-1,塩化バナジウム（Ⅳ）（別名四塩化バナジウム）,7632-51-1,R8.4時点適用対象物質及び裾切値一覧
7637-07-2,三弗化ほう素,7637-07-2,R8.4時点適用対象物質及び裾切値一覧
764-13-6,２，５－ジメチルヘキサ－２，４－ジエン,764-13-6,R8.4時点適用対象物質及び裾切値一覧
764-41-0,１，４－ジクロロ－２－ブテン,764-41-0,R8.4時点適用対象物質及び裾切値一覧
764-48-7,２－（ビニルオキシ）エタノール,764-48-7,R8.4時点適用対象物質及び裾切値一覧
7646-69-7,水素化ナトリウム,7646-69-7,R8.4時点適用対象物質及び裾切値一覧
7646-85-7,塩化亜鉛,7646-85-7,R8.4時点適用対象物質及び裾切値一覧
7646-93-7,硫酸水素カリウム,7646-93-7,R8.4時点適用対象物質及び裾切値一覧
7647-01-0,塩化水素,7647-01-0,R8.4時点適用対象物質及び裾切値一覧
765-34-4,２，３－エポキシ－１－プロパナール,765-34-4,R8.4時点適用対象物質及び裾切値一覧
7651-02-7,Ｎ－［３－（ジメチルアミノ）プロピル］ステアルアミド,7651-02-7,R9.4追加等対象物質及び裾切値一覧
76578-14-8,エチル＝２－［４－（６－クロロ－２－キノキサリニルオキシ）フェノキシ］プロピオナート（別名キザロホップエチル）,76578-14-8,R8.4時点適用対象物質及び裾切値一覧
7659-86-1,チオグリコール酸２－エチルヘキシル,7659-86-1,R8.4時点適用対象物質及び裾切値一覧
7664-38-2,りん酸,7664-38-2,R8.4時点適用対象物質及び裾切値一覧
7664-41-7,アンモニア,7664-41-7,R8.4時点適用対象物質及び裾切値一覧
7664-93-9,硫酸,7664-93-9,R8.4時点適用対象物質及び裾切値一覧
767-10-2,Ｎ－ブチルピロリジン,767-10-2,R8.4時点適用対象物質及び裾切値一覧
768-52-5,Ｎ－イソプロピルアニリン,768-52-5,R8.4時点適用対象物質及び裾切値一覧
7681-38-1,硫酸水素ナトリウム,7681-38-1,R8.4時点適用対象物質及び裾切値一覧
7681-52-9,次亜塩素酸ナトリウム,7681-52-9,R9.4追加等対象物質及び裾切値一覧
7681-57-4,二亜硫酸ナトリウム,7681-57-4,R8.4時点適用対象物質及び裾切値一覧
7696-12-0,シクロヘキサ－１－エン－１，２－ジカルボキシイミドメチル＝（１ＲＳ）－シス－トランス－２，２－ジメチル－３－（２－メチルプロパ－１－エニル）シクロプロパンカルボキシラート（別名テトラメトリン）,7696-12-0,R8.4時点適用対象物質及び裾切値一覧
7697-37-2,硝酸,7697-37-2,R8.4時点適用対象物質及び裾切値一覧
77-09-8,３，３－ビス（４－ヒドロキシフェニル）－１，３－ジヒドロイソベンゾフラン－１－オン（別名フェノールフタレイン）,77-09-8,R8.4時点適用対象物質及び裾切値一覧
77-47-4,ヘキサクロロシクロペンタジエン,77-47-4,R8.4時点適用対象物質及び裾切値一覧
77-73-6,ジシクロペンタジエン,77-73-6,R8.4時点適用対象物質及び裾切値一覧
77-77-0,ジビニルスルホン（別名ビニルスルホン）,77-77-0,R8.4時点適用対象物質及び裾切値一覧
77-78-1,硫酸ジメチル,77-78-1,R8.4時点適用対象物質及び裾切値一覧
77-99-6,１，１，１－トリス（ヒドロキシメチル）プロパン,77-99-6,R10.4追加等対象物質及び裾切値一覧
770-35-4,１－フェノキシ－２－プロパノール,770-35-4,R8.4時点適用対象物質及び裾切値一覧
7700-17-6,ジメチル－［２－（１’－メチルベンジルオキシカルボニル）－１－メチルエチレン］－ホスフェイト,7700-17-6,R8.4時点適用対象物質及び裾切値一覧
7704-34-9,硫黄,7704-34-9,R8.4時点適用対象物質及び裾切値一覧
7705-07-9,三塩化チタン,7705-07-9,R8.4時点適用対象物質及び裾切値一覧
7718-98-1,塩化バナジウム（Ⅲ）（別名三塩化バナジウム）,7718-98-1,R8.4時点適用対象物質及び裾切値一覧
77182-82-2,２－アミノ－４－［ヒドロキシ（メチル）ホスホリル］ブタン酸及びそのアンモニウム塩,"51276-47-2,77182-82-2",R8.4時点適用対象物質及び裾切値一覧
7719-09-7,塩化チオニル,7719-09-7,R8.4時点適用対象物質及び裾切値一覧
7719-12-2,三塩化りん,7719-12-2,R8.4時点適用対象物質及び裾切値一覧
7722-84-1,過酸化水素,7722-84-1,R8.4時点適用対象物質及び裾切値一覧
7722-88-5,オキシビスホスホン酸四ナトリウム,7722-88-5,R8.4時点適用対象物質及び裾切値一覧
7723-14-0,赤りん,7723-14-0,R8.4時点適用対象物質及び裾切値一覧
7726-95-6,臭素,7726-95-6,R8.4時点適用対象物質及び裾切値一覧
7727-18-6,オキシ三塩化バナジウム,7727-18-6,R8.4時点適用対象物質及び裾切値一覧
7727-21-1,ペルオキソ二硫酸カリウム,7727-21-1,R8.4時点適用対象物質及び裾切値一覧
7727-37-9,窒素（高圧のガスの状態のものに限る。）,7727-37-9,R8.4時点適用対象物質及び裾切値一覧
7727-43-7,硫酸バリウム,7727-43-7,R8.4時点適用対象物質及び裾切値一覧
7727-54-0,ペルオキソ二硫酸アンモニウム,7727-54-0,R8.4時点適用対象物質及び裾切値一覧
7733-02-0,硫酸亜鉛,7733-02-0,R8.4時点適用対象物質及び裾切値一覧
77439-76-0,３－クロロ－４－ジクロロメチル－５－ヒドロキシ－２（５Ｈ）－フラノン,77439-76-0,R8.4時点適用対象物質及び裾切値一覧
77458-01-6,チオりん酸Ｏ－１－（４－クロロフェニル）－４－ピラゾリル－Ｏ－エチル－Ｓ－プロピル（別名ピラクロホス）,"77458-01-6,89784-60-1",R8.4時点適用対象物質及び裾切値一覧
7756-94-7,２－メチルプロパ－１－エン三量体,7756-94-7,R8.4時点適用対象物質及び裾切値一覧
7757-79-1,硝酸カリウム,7757-79-1,R8.4時点適用対象物質及び裾切値一覧
7757-82-6,硫酸ナトリウム,7757-82-6,R8.4時点適用対象物質及び裾切値一覧
7758-01-2,臭素酸カリウム,7758-01-2,R8.4時点適用対象物質及び裾切値一覧
7758-09-0,亜硝酸カリウム,7758-09-0,R8.4時点適用対象物質及び裾切値一覧
7758-19-2,亜塩素酸ナトリウム,7758-19-2,R8.4時点適用対象物質及び裾切値一覧
7773-06-0,アミド硫酸アンモニウム,7773-06-0,R8.4時点適用対象物質及び裾切値一覧
7775-09-9,塩素酸並びにそのアンモニウム塩、カリウム塩及びナトリウム塩,"7790-93-4,10192-29-7,3811-04-9,7775-09-9",R8.4時点適用対象物質及び裾切値一覧
7775-14-6,亜二チオン酸ナトリウム（別名ハイドロサルファイト）,7775-14-6,R8.4時点適用対象物質及び裾切値一覧
7775-27-1,ペルオキソ二硫酸ナトリウム,7775-27-1,R8.4時点適用対象物質及び裾切値一覧
7778-53-2,りん酸カリウム（別名りん酸三カリウム）,7778-53-2,R8.4時点適用対象物質及び裾切値一覧
7778-54-3,次亜塩素酸カルシウム,7778-54-3,R8.4時点適用対象物質及び裾切値一覧
7778-66-7,次亜塩素酸カリウム,7778-66-7,R9.4追加等対象物質及び裾切値一覧
7778-74-7,過塩素酸のアンモニウム塩、カリウム塩、ナトリウム塩及びマグネシウム塩,"7790-98-9,7778-74-7,7601-89-0,10034-81-8",R8.4時点適用対象物質及び裾切値一覧
7779-88-6,硝酸亜鉛（Ⅱ）及びその六水和物,"7779-88-6,10196-18-6",R8.4時点適用対象物質及び裾切値一覧
7779-90-0,りん酸亜鉛,7779-90-0,R8.4時点適用対象物質及び裾切値一覧
7782-44-7,酸素（高圧のガスの状態のものに限る。）,7782-44-7,R8.4時点適用対象物質及び裾切値一覧
7782-50-5,塩素,7782-50-5,R8.4時点適用対象物質及び裾切値一覧
7782-65-2,ゲルマン,7782-65-2,R8.4時点適用対象物質及び裾切値一覧
7782-79-8,アジ化水素,7782-79-8,R8.4時点適用対象物質及び裾切値一覧
7783-06-4,硫化水素,7783-06-4,R8.4時点適用対象物質及び裾切値一覧
7783-54-2,三弗化窒素,7783-54-2,R8.4時点適用対象物質及び裾切値一覧
7783-99-5,亜硝酸銀,7783-99-5,R8.4時点適用対象物質及び裾切値一覧
7784-18-1,三弗化アルミニウム,7784-18-1,R8.4時点適用対象物質及び裾切値一覧
7786-34-7,りん酸ジメチル＝１－メトキシカルボニル－１－プロペン－２－イル（別名メビンホス）,7786-34-7,R8.4時点適用対象物質及び裾切値一覧
7787-32-8,弗化バリウム,7787-32-8,R8.4時点適用対象物質及び裾切値一覧
7789-30-2,五弗化臭素,7789-30-2,R8.4時点適用対象物質及び裾切値一覧
7789-38-0,臭素酸ナトリウム,7789-38-0,R8.4時点適用対象物質及び裾切値一覧
7790-69-4,硝酸リチウム,7790-69-4,R8.4時点適用対象物質及び裾切値一覧
7790-91-2,三弗化塩素,7790-91-2,R8.4時点適用対象物質及び裾切値一覧
7790-93-4,塩素酸並びにそのアンモニウム塩、カリウム塩及びナトリウム塩,"7790-93-4,10192-29-7,3811-04-9,7775-09-9",R8.4時点適用対象物質及び裾切値一覧
7790-94-5,クロルスルホン酸,7790-94-5,R8.4時点適用対象物質及び裾切値一覧
7790-98-9,過塩素酸のアンモニウム塩、カリウム塩、ナトリウム塩及びマグネシウム塩,"7790-98-9,7778-74-7,7601-89-0,10034-81-8",R8.4時点適用対象物質及び裾切値一覧
7791-25-5,塩化スルホニル（別名塩化スルフリル）,7791-25-5,R8.4時点適用対象物質及び裾切値一覧
78-10-4,テトラエトキシシラン,78-10-4,R8.4時点適用対象物質及び裾切値一覧
78-11-5,２，２－ビス［（ニトロオキシ）メチル］プロパン－１，３－ジイルジニトラート,78-11-5,R8.4時点適用対象物質及び裾切値一覧
78-30-8,りん酸トリ（オルト－トリル）,78-30-8,R8.4時点適用対象物質及び裾切値一覧
78-34-2,１，４－ジオキサン－２，３－ジイルジチオビス（チオホスホン酸）Ｏ，Ｏ，Ｏ’，Ｏ’－テトラエチル（別名ジオキサチオン）,78-34-2,R8.4時点適用対象物質及び裾切値一覧
78-40-0,りん酸トリエチル,78-40-0,R8.4時点適用対象物質及び裾切値一覧
78-42-2,りん酸トリス（２－エチルヘキシル）,78-42-2,R8.4時点適用対象物質及び裾切値一覧
78-48-8,トリブチルトリチオホスフェイト,78-48-8,R8.4時点適用対象物質及び裾切値一覧
78-57-9,ジチオりん酸Ｓ－（４，６－ジアミノ－１，３，５－トリアジン－２－イルメチル）Ｏ，Ｏ－ジメチル,78-57-9,R8.4時点適用対象物質及び裾切値一覧
78-59-1,イソホロン,78-59-1,R8.4時点適用対象物質及び裾切値一覧
78-62-6,ジエトキシジメチルシラン,78-62-6,R8.4時点適用対象物質及び裾切値一覧
78-63-7,２，５－ビス（ターシャリ－ブチルペルオキシ）－２，５－ジメチルヘキサン,78-63-7,R8.4時点適用対象物質及び裾切値一覧
78-67-1,２，２’－アゾビスイソブチロニトリル,78-67-1,R8.4時点適用対象物質及び裾切値一覧
78-69-3,３，７－ジメチルオクタン－３－オール,78-69-3,R8.4時点適用対象物質及び裾切値一覧
78-70-6,３，７－ジメチル－１，６－オクタジエン－３－オール,78-70-6,R8.4時点適用対象物質及び裾切値一覧
78-76-2,２－ブロモブタン,78-76-2,R8.4時点適用対象物質及び裾切値一覧
78-77-3,１－ブロモ－２－メチルプロパン,78-77-3,R8.4時点適用対象物質及び裾切値一覧
78-79-5,イソプレン,78-79-5,R8.4時点適用対象物質及び裾切値一覧
78-81-9,２－メチル－１－プロパンアミン（別名イソブチルアミン）,78-81-9,R8.4時点適用対象物質及び裾切値一覧
78-82-0,イソブチロニトリル,78-82-0,R8.4時点適用対象物質及び裾切値一覧
78-83-1,イソブチルアルコール及び１－ブタノール,"78-83-1,71-36-3",R8.4時点適用対象物質及び裾切値一覧
78-84-2,イソブチルアルデヒド,78-84-2,R8.4時点適用対象物質及び裾切値一覧
78-85-3,２－メチル－２－プロペナール,78-85-3,R8.4時点適用対象物質及び裾切値一覧
78-87-5,１，２－ジクロロプロパン,78-87-5,R8.4時点適用対象物質及び裾切値一覧
78-88-6,２，３－ジクロロプロペン,78-88-6,R8.4時点適用対象物質及び裾切値一覧
78-89-7,２－クロロ－１－プロパノール,78-89-7,R8.4時点適用対象物質及び裾切値一覧
78-90-0,１，２－ジアミノプロパン,78-90-0,R8.4時点適用対象物質及び裾切値一覧
78-92-2,ターシャリ－ブタノール及び２－ブタノール,"75-65-0,78-92-2",R8.4時点適用対象物質及び裾切値一覧
78-93-3,メチルエチルケトン,78-93-3,R8.4時点適用対象物質及び裾切値一覧
78-94-4,メチルビニルケトン,78-94-4,R8.4時点適用対象物質及び裾切値一覧
78-95-5,クロロアセトン,78-95-5,R8.4時点適用対象物質及び裾切値一覧
78-96-6,１－アミノプロパン－２－オール,78-96-6,R8.4時点適用対象物質及び裾切値一覧
78-97-7,ラクトニトリル（別名アセトアルデヒドシアンヒドリン）,78-97-7,R8.4時点適用対象物質及び裾切値一覧
7803-49-8,ヒドロキシルアミン,7803-49-8,R8.4時点適用対象物質及び裾切値一覧
7803-51-2,りん化水素,7803-51-2,R8.4時点適用対象物質及び裾切値一覧
7803-55-6,メタバナジン酸アンモニウム,7803-55-6,R8.4時点適用対象物質及び裾切値一覧
7803-57-8,ヒドラジン及びその一水和物,"302-01-2,7803-57-8",R8.4時点適用対象物質及び裾切値一覧
7803-62-5,シラン,7803-62-5,R8.4時点適用対象物質及び裾切値一覧
78587-05-0,（４ＲＳ，５ＲＳ）－５－（４－クロロフェニル）－Ｎ－シクロヘキシル－４－メチル－２－オキソ－１，３－チアゾリジン－３－カルボキサミド（別名ヘキシチアゾクス）,78587-05-0,R8.4時点適用対象物質及び裾切値一覧
786-19-6,ジエチル－４－クロルフェニルメルカプトメチルジチオホスフェイト,786-19-6,R8.4時点適用対象物質及び裾切値一覧
79-00-5,１，１，２－トリクロロエタン,79-00-5,R8.4時点適用対象物質及び裾切値一覧
79-01-6,トリクロロエチレン,79-01-6,R8.4時点適用対象物質及び裾切値一覧
79-03-8,塩化プロパノイル,79-03-8,R8.4時点適用対象物質及び裾切値一覧
79-04-9,クロロアセチル＝クロリド,79-04-9,R8.4時点適用対象物質及び裾切値一覧
79-06-1,アクリルアミド,79-06-1,R8.4時点適用対象物質及び裾切値一覧
79-07-2,クロロアセトアミド,79-07-2,R8.4時点適用対象物質及び裾切値一覧
79-08-3,ブロモ酢酸,79-08-3,R8.4時点適用対象物質及び裾切値一覧
79-09-4,プロピオン酸,79-09-4,R8.4時点適用対象物質及び裾切値一覧
79-10-7,アクリル酸,79-10-7,R8.4時点適用対象物質及び裾切値一覧
79-11-8,クロロ酢酸,79-11-8,R8.4時点適用対象物質及び裾切値一覧
79-14-1,グリコール酸,79-14-1,R8.4時点適用対象物質及び裾切値一覧
79-16-3,Ｎ－メチルアセトアミド,79-16-3,R8.4時点適用対象物質及び裾切値一覧
79-19-6,チオセミカルバジド,79-19-6,R8.4時点適用対象物質及び裾切値一覧
79-20-9,酢酸メチル,79-20-9,R8.4時点適用対象物質及び裾切値一覧
79-21-0,過酢酸,79-21-0,R8.4時点適用対象物質及び裾切値一覧
79-22-1,メチル＝カルボノクロリダート,79-22-1,R8.4時点適用対象物質及び裾切値一覧
79-24-3,ニトロエタン,79-24-3,R8.4時点適用対象物質及び裾切値一覧
79-27-6,１，１，２，２－テトラブロモエタン,79-27-6,R8.4時点適用対象物質及び裾切値一覧
79-31-2,２－メチルプロパン酸,79-31-2,R8.4時点適用対象物質及び裾切値一覧
79-33-4,乳酸,"50-21-5,598-82-3,79-33-4,10326-41-7",R8.4時点適用対象物質及び裾切値一覧
79-34-5,１，１，２，２－テトラクロロエタン（別名四塩化アセチレン）,79-34-5,R8.4時点適用対象物質及び裾切値一覧
79-36-7,ジクロロ酢酸＝クロリド,79-36-7,R8.4時点適用対象物質及び裾切値一覧
79-38-9,クロロトリフルオロエチレン,79-38-9,R8.4時点適用対象物質及び裾切値一覧
79-39-0,メタクリルアミド,79-39-0,R8.4時点適用対象物質及び裾切値一覧
79-41-4,メタクリル酸,79-41-4,R8.4時点適用対象物質及び裾切値一覧
79-43-6,ジクロロ酢酸,79-43-6,R8.4時点適用対象物質及び裾切値一覧
79-44-7,ジメチルカルバモイル＝クロリド,79-44-7,R8.4時点適用対象物質及び裾切値一覧
79-46-9,２－ニトロプロパン,79-46-9,R8.4時点適用対象物質及び裾切値一覧
79-47-0,３－クロロペンタフルオロ－１－プロペン,79-47-0,R8.4時点適用対象物質及び裾切値一覧
79-57-2,（４Ｓ，４ａＲ，５Ｓ，５ａＲ，６Ｓ，１２ａＳ）－４－（ジメチルアミノ）－３，５，６，１０，１２，１２ａ－ヘキサヒドロキシ－６－メチル－１，１１－ジオキソ－１，４，４ａ，５，５ａ，６，１１，１２ａ－オクタヒドロテトラセン－２－カルボキサミド（別名オキシテトラサイクリン）,79-57-2,R9.4追加等対象物質及び裾切値一覧
79-74-3,２，５－ジ－ターシャリ－ペンチルベンゼン－１，４－ジオール,79-74-3,R8.4時点適用対象物質及び裾切値一覧
79-77-6,（Ｅ）－４－（２，６，６－トリメチルシクロヘキサ－１－エン－１－イル）ブタ－３－エン－２－オン,79-77-6,R10.4追加等対象物質及び裾切値一覧
79-92-5,２，２－ジメチル－３－メチリデンビシクロ［２．２．１］ヘプタン（別名カンフェン）,79-92-5,R8.4時点適用対象物質及び裾切値一覧
79-94-7,２，２－ビス（４’－ハイドロキシ－３’，５’－ジブロモフェニル）プロパン,79-94-7,R8.4時点適用対象物質及び裾切値一覧
791-28-6,トリフェニルホスフィンオキシド,791-28-6,R8.4時点適用対象物質及び裾切値一覧
79217-60-0,シクロスポリン,79217-60-0,R8.4時点適用対象物質及び裾切値一覧
793-24-8,Ｎ－（１，３－ジメチルブチル）－Ｎ’－フェニル－パラ－フェニレンジアミン,793-24-8,R8.4時点適用対象物質及び裾切値一覧
794-93-4,［［６－［２－（５－ニトロフラン－２－イル）ビニル］－１，２，４－トリアジン－３－イル］イミノ］ジメタノール,794-93-4,R8.4時点適用対象物質及び裾切値一覧
79538-32-2,２，３，５，６－テトラフルオロ－４－メチルベンジル＝（Ｚ）－３－（２－クロロ－３，３，３－トリフルオロ－１－プロペニル）－２，２－ジメチルシクロプロパンカルボキシラート（別名テフルトリン）,79538-32-2,R8.4時点適用対象物質及び裾切値一覧
79622-59-6,３－クロロ－Ｎ－（３－クロロ－５－トリフルオロメチル－２－ピリジル）－アルファ，アルファ，アルファ－トリフルオロ－２，６－ジニトロ－パラ－トルイジン（別名フルアジナム）,79622-59-6,R8.4時点適用対象物質及び裾切値一覧
799247-52-2,（Ｅ）－Ｎ－［２－クロロ－５－［１－（６－メチルピリジン－２－イルメトキシイミノ）エチル］ベンジル］カルバミン酸メチル（別名ピリベンカルブ）,799247-52-2,R8.4時点適用対象物質及び裾切値一覧
79983-71-4,２－（２，４－ジクロロフェニル）－１－（１Ｈ－１，２，４－トリアゾール－１－イル）－２－ヘキサノール（別名ヘキサコナゾール）,79983-71-4,R8.4時点適用対象物質及び裾切値一覧
80-05-7,４，４’－イソプロピリデンジフェノール（別名ビスフェノールＡ）,80-05-7,R8.4時点適用対象物質及び裾切値一覧
80-08-0,４，４’－ジアミノジフェニルスルホン,80-08-0,R8.4時点適用対象物質及び裾切値一覧
80-09-1,４，４’－スルホニルジフェノール,80-09-1,R9.4追加等対象物質及び裾切値一覧
80-10-4,ジクロロジフェニルシラン,80-10-4,R8.4時点適用対象物質及び裾切値一覧
80-15-9,１－メチル－１－フェニルエチル＝ヒドロペルオキシド,80-15-9,R8.4時点適用対象物質及び裾切値一覧
80-38-6,ベンゼンスルホン酸４－クロロフェニル,80-38-6,R8.4時点適用対象物質及び裾切値一覧
80-43-3,ビス（１－メチル－１－フェニルエチル）＝ペルオキシド,80-43-3,R8.4時点適用対象物質及び裾切値一覧
80-46-6,４－ターシャリ－ペンチルフェノール,80-46-6,R8.4時点適用対象物質及び裾切値一覧
80-48-8,パラ－トルエンスルホン酸メチル,80-48-8,R8.4時点適用対象物質及び裾切値一覧
80-51-3,４，４’－オキシビスベンゼンスルホニルヒドラジド,80-51-3,R8.4時点適用対象物質及び裾切値一覧
80-54-6,３－（４－ターシャリ－ブチルフェニル）－２－メチルプロパナール,80-54-6,R8.4時点適用対象物質及び裾切値一覧
80-56-8,アルファ－ピネン,80-56-8,R8.4時点適用対象物質及び裾切値一覧
80-62-6,メタクリル酸メチル,80-62-6,R8.4時点適用対象物質及び裾切値一覧
8001-35-2,塩素化カンフェン（別名トキサフェン）,8001-35-2,R8.4時点適用対象物質及び裾切値一覧
8001-54-5,塩化ベンザルコニウム,8001-54-5,R8.4時点適用対象物質及び裾切値一覧
8002-74-2,固形パラフィン,8002-74-2,R8.4時点適用対象物質及び裾切値一覧
8003-34-7,ピレトラム,8003-34-7,R8.4時点適用対象物質及び裾切値一覧
8006-61-9,ガソリン,8006-61-9,R8.4時点適用対象物質及び裾切値一覧
8006-64-2,テレビン油,8006-64-2,R8.4時点適用対象物質及び裾切値一覧
80060-09-9,１－ターシャリ－ブチル－３－（２，６－ジイソプロピル－４－フェノキシフェニル）チオ尿素（別名ジアフェンチウロン）,80060-09-9,R8.4時点適用対象物質及び裾切値一覧
8008-20-6,灯油,8008-20-6,R8.4時点適用対象物質及び裾切値一覧
8014-95-7,発煙硫酸,8014-95-7,R8.4時点適用対象物質及び裾切値一覧
8018-01-7,Ｎ，Ｎ’－エチレンビス（ジチオカルバミン酸）マンガンとＮ，Ｎ’－エチレンビス（ジチオカルバミン酸）亜鉛の錯化合物（別名マンコゼブ又はマンゼブ）,8018-01-7,R8.4時点適用対象物質及び裾切値一覧
80214-83-1,（３Ｒ，４Ｓ，５Ｓ，６Ｒ，７Ｒ，９Ｒ，１０Ｅ，１１Ｓ，１２Ｒ，１３Ｓ，１４Ｒ）－４－［（２，６－ジデオキシ－３－Ｃ－メチル－３－Ｏ－メチル－アルファ－Ｌ－リボ－ヘキソピラノシル）オキシ］－１４－エチル－７，１２，１３－トリヒドロキシ－１０－［（２－メトキシエトキシ）メトキシイミノ］－３，５，７，９，１１，１３－ヘキサメチル－６－［［３，４，６－トリデオキシ－３－（ジメチルアミノ）－ベータ－Ｄ－キシロ－ヘキソピラノシル］オキシ］オキサシクロテトラデカン－２－オン（別名ロキシスロマイシン）,80214-83-1,R8.4時点適用対象物質及び裾切値一覧
8022-00-2,ジメチルエチルメルカプトエチルチオホスフェイト（別名メチルジメトン）,8022-00-2,R8.4時点適用対象物質及び裾切値一覧
8048-12-2,アルカノールアンモニウム－２，４－ジニトロ－６－（１－メチルプロピル）－フェノラート,8048-12-2,R8.4時点適用対象物質及び裾切値一覧
8049-17-0,フェロシリコン,8049-17-0,R8.4時点適用対象物質及び裾切値一覧
8050-09-7,ロジン,8050-09-7,R8.4時点適用対象物質及び裾切値一覧
8050-88-2,セルロイド類,8050-88-2,R8.4時点適用対象物質及び裾切値一覧
8052-42-4,アスファルト,8052-42-4,R8.4時点適用対象物質及び裾切値一覧
8065-48-3,チオりん酸Ｏ，Ｏ－ジエチル－エチルチオエチル（別名ジメトン）,8065-48-3,R8.4時点適用対象物質及び裾切値一覧
80844-07-1,２－（４－エトキシフェニル）－２－メチルプロピル＝３－フェノキシベンジルエーテル（別名エトフェンプロックス）,80844-07-1,R8.4時点適用対象物質及び裾切値一覧
81-14-1,１－（４－ターシャリ－ブチル－２，６－ジメチル－３，５－ジニトロフェニル）エタノン,81-14-1,R8.4時点適用対象物質及び裾切値一覧
81-15-2,１－（ターシャリ－ブチル）－３，５－ジメチル－２，４，６－トリニトロベンゼン,81-15-2,R8.4時点適用対象物質及び裾切値一覧
81-81-2,３－（アルファ－アセトニルベンジル）－４－ヒドロキシクマリン（別名ワルファリン）,81-81-2,R8.4時点適用対象物質及び裾切値一覧
81-88-9,９－（２－カルボキシフェニル）－３，６－ビス（ジエチルアミノ）キサンチリウム＝クロリド,81-88-9,R8.4時点適用対象物質及び裾切値一覧
811-97-2,１，１，１，２－テトラフルオロエタン,811-97-2,R8.4時点適用対象物質及び裾切値一覧
81103-11-9,（３Ｒ，４Ｓ，５Ｓ，６Ｒ，７Ｒ，９Ｒ，１１Ｒ，１２Ｒ，１３Ｓ，１４Ｒ）－４－［（２，６－ジデオキシ－３－Ｃ－メチル－３－Ｏ－メチル－アルファ－Ｌ－リボ－ヘキソピラノシル）オキシ］－１４－エチル－１２，１３－ジヒドロキシ－７－メトキシ－３，５，７，９，１１，１３－ヘキサメチル－６－［［３，４，６－トリデオキシ－３－（ジメチルアミノ）－ベータ－Ｄ－キシロ－ヘキソピラノシル］オキシ］オキサシクロテトラデカン－２，１０－ジオン（別名クラリスロマイシン）,81103-11-9,R8.4時点適用対象物質及び裾切値一覧
81334-34-1,（ＲＳ）－２－（４－イソプロピル－４－メチル－５－オキソ－４，５－ジヒドロ－１Ｈ－イミダゾール－２－イル）ニコチン酸,81334-34-1,R9.4追加等対象物質及び裾切値一覧
814-68-6,塩化アクリロイル,814-68-6,R8.4時点適用対象物質及び裾切値一覧
814-78-8,メチルイソプロペニルケトン,814-78-8,R8.4時点適用対象物質及び裾切値一覧
818-61-1,アクリル酸２－ヒドロキシエチル,818-61-1,R8.4時点適用対象物質及び裾切値一覧
82-45-1,１－アミノ－９，１０－アントラキノン,82-45-1,R8.4時点適用対象物質及び裾切値一覧
82-66-6,２－ジフェニルアセチル－１，３－インダンジオン,82-66-6,R8.4時点適用対象物質及び裾切値一覧
82-68-8,ペンタクロロニトロベンゼン,82-68-8,R8.4時点適用対象物質及び裾切値一覧
82-71-3,２，４，６－トリニトロベンゼン－１，３－ジオール,82-71-3,R8.4時点適用対象物質及び裾切値一覧
821-10-3,１，４－ジクロル－２－ブチン,821-10-3,R8.4時点適用対象物質及び裾切値一覧
822-06-0,ヘキサメチレン＝ジイソシアネート,822-06-0,R8.4時点適用対象物質及び裾切値一覧
822-36-6,４－メチル－１Ｈ－イミダゾール,822-36-6,R8.4時点適用対象物質及び裾切値一覧
823-40-5,トルエンジアミン,"25376-45-8,95-70-5,823-40-5",R8.4時点適用対象物質及び裾切値一覧
824-78-2,ナトリウム＝４－ニトロフェノラート,824-78-2,R8.4時点適用対象物質及び裾切値一覧
82558-50-7,Ｎ－［３－（１－エチル－１－メチルプロピル）－１，２－オキサゾール－５－イル］－２，６－ジメトキシベンズアミド（別名イソキサベン）,82558-50-7,R8.4時点適用対象物質及び裾切値一覧
82560-54-1,２，２－ジメチル－２，３－ジヒドロ－１－ベンゾフラン－７－イル＝Ｎ－［Ｎ－（２－エトキシカルボニルエチル）－Ｎ－イソプロピルスルフェナモイル］－Ｎ－メチルカルバマート（別名ベンフラカルブ）,82560-54-1,R8.4時点適用対象物質及び裾切値一覧
826-36-8,２，２，６，６－テトラメチルピペリジン－４－オン,826-36-8,R8.4時点適用対象物質及び裾切値一覧
82633-79-2,２－メチル－５，６－ジヒドロ－４Ｈ－シクロペンタ［ｄ］イソチアゾール－３－オン,82633-79-2,R8.4時点適用対象物質及び裾切値一覧
82657-04-3,２－メチル－１，１’－ビフェニル－３－イルメチル＝（Ｚ）－３－（２－クロロ－３，３，３－トリフルオロ－１－プロペニル）－２，２－ジメチルシクロプロパンカルボキシラート（別名ビフェントリン）,82657-04-3,R8.4時点適用対象物質及び裾切値一覧
82692-44-2,２－［４－（２，４－ジクロロ－メタ－トルオイル）－１，３－ジメチル－５－ピラゾリルオキシ］－４－メチルアセトフェノン（別名ベンゾフェナップ）,82692-44-2,R8.4時点適用対象物質及び裾切値一覧
828-00-2,６－アセトキシ－２，４－ジメチル－１，３－ジオキサン,828-00-2,R8.4時点適用対象物質及び裾切値一覧
83-26-1,２－トリメチルアセチル－１，３－インダンジオン,83-26-1,R8.4時点適用対象物質及び裾切値一覧
83-32-9,アセナフテン,83-32-9,R8.4時点適用対象物質及び裾切値一覧
83-67-0,３，７－ジメチルキサンチン（別名テオブロミン）,83-67-0,R8.4時点適用対象物質及び裾切値一覧
83-79-4,ロテノン,83-79-4,R8.4時点適用対象物質及び裾切値一覧
831-52-7,ナトリウム＝２－アミノ－４，６－ジニトロフェノラート,831-52-7,R8.4時点適用対象物質及び裾切値一覧
83121-18-0,１－（３，５－ジクロロ－２，４－ジフルオロフェニル）－３－（２，６－ジフルオロベンゾイル）尿素（別名テフルベンズロン）,83121-18-0,R8.4時点適用対象物質及び裾切値一覧
83130-01-2,エチル＝（Ｚ）－３－［Ｎ－ベンジル－Ｎ－［［メチル（１－メチルチオエチリデンアミノオキシカルボニル）アミノ］チオ］アミノ］プロピオナート（別名アラニカルブ）,83130-01-2,R8.4時点適用対象物質及び裾切値一覧
834-12-8,２－エチルアミノ－４－イソプロピルアミノ－６－メチルチオ－１，３，５－トリアジン（別名アメトリン）,834-12-8,R8.4時点適用対象物質及び裾切値一覧
836-30-6,４－ニトロジフェニルアミン,836-30-6,R8.4時点適用対象物質及び裾切値一覧
838-88-0,４，４’－ジアミノ－３，３’－ジメチルジフェニルメタン,838-88-0,R8.4時点適用対象物質及び裾切値一覧
84-61-7,フタル酸ジシクロヘキシル,84-61-7,R8.4時点適用対象物質及び裾切値一覧
84-65-1,アントラセン－９，１０－ジオン（別名アントラキノン）,84-65-1,R8.4時点適用対象物質及び裾切値一覧
84-66-2,フタル酸ジエチル,84-66-2,R8.4時点適用対象物質及び裾切値一覧
84-69-5,フタル酸ジイソブチル,84-69-5,R8.4時点適用対象物質及び裾切値一覧
84-74-2,フタル酸ジ－ノルマル－ブチル,84-74-2,R8.4時点適用対象物質及び裾切値一覧
84-75-3,フタル酸ジヘキシル,"68515-50-4,84-75-3,71850-09-4",R8.4時点適用対象物質及び裾切値一覧
842-07-9,１－フェニルアゾ－２－ナフトール,842-07-9,R8.4時点適用対象物質及び裾切値一覧
843-55-0,１，１－ビス（４－ヒドロキシフェニル）シクロヘキサン,843-55-0,R8.4時点適用対象物質及び裾切値一覧
84496-56-0,２－（２，４－ジクロロ－３－メチルフェノキシ）プロピオンアニリド（別名クロメプロップ）,84496-56-0,R9.4追加等対象物質及び裾切値一覧
84852-15-3,４－ノニルフェノール（分枝型のものに限る。）,84852-15-3,R8.4時点適用対象物質及び裾切値一覧
85-00-7,１，１’－エチレン－２，２’－ビピリジニウム＝ジブロミド（別名ジクアット）,85-00-7,R8.4時点適用対象物質及び裾切値一覧
85-01-8,フェナントレン,85-01-8,R8.4時点適用対象物質及び裾切値一覧
85-42-7,シクロヘキサン－１，２－ジカルボン酸無水物,85-42-7,R8.4時点適用対象物質及び裾切値一覧
85-43-8,シクロヘキサ－４－エン－１，２－ジカルボン酸無水物,85-43-8,R8.4時点適用対象物質及び裾切値一覧
85-44-9,無水フタル酸,85-44-9,R8.4時点適用対象物質及び裾切値一覧
85-68-7,フタル酸ノルマル－ブチル＝ベンジル,85-68-7,R8.4時点適用対象物質及び裾切値一覧
85136-74-9,６－ヒドロキシ－１－（３－イソプロポキシプロピル）－４－メチル－２－オキソ－５－［［４－（フェニルジアゼニル）フェニル］ジアゼニル］－１，２－ジヒドロピリジン－３－カルボニトリル,85136-74-9,R8.4時点適用対象物質及び裾切値一覧
85409-22-9,アルキル（ベンジル）（ジメチル）アンモニウム=クロリド（アルキル基の炭素数が１２から１６までのもの及びその混合物に限る。）,"122-18-9,139-07-1,139-08-2,68424-85-1,85409-22-9",R9.4追加等対象物質及び裾切値一覧
85535-84-8,塩化パラフィン（炭素数が１０から１３までのもの及びその混合物に限る。）,85535-84-8,R8.4時点適用対象物質及び裾切値一覧
85535-85-9,塩化直鎖パラフィン（炭素数が１４から１７までのもの及びその混合物に限る。）,85535-85-9,R9.4追加等対象物質及び裾切値一覧
85785-20-2,Ｎ－（１，２－ジメチルプロピル）－Ｎ－エチルチオカルバミン酸Ｓ－ベンジル（別名エスプロカルブ）,85785-20-2,R8.4時点適用対象物質及び裾切値一覧
85954-11-6,４，４’－ビス［（２，３－エポキシプロピル）オキシ］－３，３’，５，５’－テトラメチルビフェニル,85954-11-6,R8.4時点適用対象物質及び裾切値一覧
86-30-6,Ｎ－ニトロソジフェニルアミン,86-30-6,R8.4時点適用対象物質及び裾切値一覧
86-50-0,ジチオりん酸Ｏ，Ｏ－ジメチル－Ｓ－［（４－オキソ－１，２，３－ベンゾトリアジン－３（４Ｈ）－イル）メチル］（別名アジンホスメチル）,86-50-0,R8.4時点適用対象物質及び裾切値一覧
86-54-4,ヒドララジン及びその塩酸塩,"86-54-4,304-20-1",R8.4時点適用対象物質及び裾切値一覧
86-74-8,カルバゾール,86-74-8,R8.4時点適用対象物質及び裾切値一覧
86-88-4,１－ナフチルチオ尿素,86-88-4,R8.4時点適用対象物質及び裾切値一覧
86598-92-7,４－クロロベンジル＝Ｎ－（２，４－ジクロロフェニル）－２－（１Ｈ－１，２，４－トリアゾール－１－イル）チオアセトイミダート,86598-92-7,R8.4時点適用対象物質及び裾切値一覧
868-77-9,メタクリル酸２－ヒドロキシエチル,868-77-9,R8.4時点適用対象物質及び裾切値一覧
868-85-9,亜りん酸ジメチル,868-85-9,R8.4時点適用対象物質及び裾切値一覧
868680-84-6,３－クロロ－Ｎ－（４，６－ジメトキシピリミジン－２－イルカルバモイル）－１－メチル－４－（５－メチル－５，６－ジヒドロ－１，４，２－ジオキサジン－３－イル）ピラゾール－５－スルホンアミド（別名メタゾスルフロン）,868680-84-6,R8.4時点適用対象物質及び裾切値一覧
869-29-4,ジアセトキシプロペン,869-29-4,R8.4時点適用対象物質及び裾切値一覧
87-31-0,５，７－ジニトロベンゾ［ｄ］［１，２，３］オキサジアゾール,87-31-0,R8.4時点適用対象物質及び裾切値一覧
87-33-2,１，４：３，６－ジアンヒドロ－２，５－ジ－Ｏ－ニトロ－Ｄ－グルシトール,87-33-2,R8.4時点適用対象物質及び裾切値一覧
87-56-9,（Ｚ）－２，３－ジクロロ－４－オキソ－２－ブテン酸,87-56-9,R8.4時点適用対象物質及び裾切値一覧
87-59-2,キシリジン,"1300-73-8,87-59-2,95-68-1,95-78-3,87-62-7,95-64-7,108-69-0",R8.4時点適用対象物質及び裾切値一覧
87-61-6,１，２，３－トリクロロベンゼン,87-61-6,R8.4時点適用対象物質及び裾切値一覧
87-62-7,キシリジン,"1300-73-8,87-59-2,95-68-1,95-78-3,87-62-7,95-64-7,108-69-0",R8.4時点適用対象物質及び裾切値一覧
87-65-0,２，６－ジクロロフェノール,87-65-0,R8.4時点適用対象物質及び裾切値一覧
87-66-1,１，２，３－トリヒドロキシベンゼン（別名ピロガロール）,87-66-1,R8.4時点適用対象物質及び裾切値一覧
87-68-3,六塩化ブタジエン,87-68-3,R8.4時点適用対象物質及び裾切値一覧
87-86-5,ペンタクロロフェノール（別名ＰＣＰ）,87-86-5,R8.4時点適用対象物質及び裾切値一覧
87-90-1,１，３，５－トリクロロ－１，３，５－トリアジン－２，４，６－トリオン,87-90-1,R8.4時点適用対象物質及び裾切値一覧
872-05-9,デカ－１－エン,872-05-9,R8.4時点適用対象物質及び裾切値一覧
872-50-4,Ｎ－メチル－２－ピロリドン,872-50-4,R8.4時点適用対象物質及び裾切値一覧
87674-68-8,（ＲＳ）－２－クロロ－Ｎ－（２，４－ジメチル－３－チエニル）－Ｎ－（２－メトキシ－１－メチルエチル）アセトアミド（別名ジメテナミド）,87674-68-8,R9.4追加等対象物質及び裾切値一覧
88-05-1,２，４，６－トリメチルアニリン（別名メシジン）,88-05-1,R8.4時点適用対象物質及び裾切値一覧
88-06-2,２，４，６－トリクロロフェノール,88-06-2,R8.4時点適用対象物質及び裾切値一覧
88-09-5,２－エチルブタン酸,88-09-5,R8.4時点適用対象物質及び裾切値一覧
88-12-0,Ｎ－ビニル－２－ピロリドン,88-12-0,R8.4時点適用対象物質及び裾切値一覧
88-18-6,２－ターシャリ－ブチルフェノール,88-18-6,R8.4時点適用対象物質及び裾切値一覧
88-41-5,２－ターシャリ－ブチルシクロヘキシル＝アセタート,88-41-5,R10.4追加等対象物質及び裾切値一覧
88-53-9,２－アミノ－５－クロロ－４－メチルベンゼンスルホン酸,88-53-9,R8.4時点適用対象物質及び裾切値一覧
88-60-8,２－ターシャリ－ブチル－５－メチルフェノール,88-60-8,R8.4時点適用対象物質及び裾切値一覧
88-72-2,２－ニトロトルエン,88-72-2,R8.4時点適用対象物質及び裾切値一覧
88-73-3,２－クロロニトロベンゼン,88-73-3,R8.4時点適用対象物質及び裾切値一覧
88-74-4,オルト－ニトロアニリン,88-74-4,R8.4時点適用対象物質及び裾切値一覧
88-75-5,オルト－ニトロフェノール,88-75-5,R8.4時点適用対象物質及び裾切値一覧
88-85-7,２，４－ジニトロ－６－（１－メチルプロピル）－フェノール,88-85-7,R8.4時点適用対象物質及び裾切値一覧
88-88-0,１－クロロ－２，４，６－トリニトロベンゼン,88-88-0,R8.4時点適用対象物質及び裾切値一覧
88-89-1,ピクリン酸,88-89-1,R8.4時点適用対象物質及び裾切値一覧
882-33-7,ジフェニルジスルファン,882-33-7,R8.4時点適用対象物質及び裾切値一覧
88402-43-1,Ｎ－（４－クロロフェニル）－１－シクロヘキセン－１，２－ジカルボキシミド（別名クロルフタリム）,88402-43-1,R9.4追加等対象物質及び裾切値一覧
88671-89-0,２－（４－クロロフェニル）－２－（１Ｈ－１，２，４－トリアゾール－１－イルメチル）ヘキサンニトリル（別名ミクロブタニル）,88671-89-0,R8.4時点適用対象物質及び裾切値一覧
88917-22-0,メチル－２－［２－メトキシ（メチル）エトキシ］エチル＝アセタート,88917-22-0,R8.4時点適用対象物質及び裾切値一覧
89-32-7,ベンゼン－１，２：４，５－テトラカルボン酸二無水物,89-32-7,R8.4時点適用対象物質及び裾切値一覧
89-61-2,１，４－ジクロロ－２－ニトロベンゼン,89-61-2,R8.4時点適用対象物質及び裾切値一覧
89-63-4,４－クロロ－２－ニトロアニリン,89-63-4,R8.4時点適用対象物質及び裾切値一覧
89-72-5,オルト－セカンダリ－ブチルフェノール,89-72-5,R8.4時点適用対象物質及び裾切値一覧
89-83-8,２－イソプロピル－５－メチルフェノール（別名チモール）,89-83-8,R8.4時点適用対象物質及び裾切値一覧
89-98-5,２－クロロベンズアルデヒド,89-98-5,R8.4時点適用対象物質及び裾切値一覧
89269-64-7,（Ｚ）－２’－メチルアセトフェノン＝４，６－ジメチル－２－ピリミジニルヒドラゾン（別名フェリムゾン）,89269-64-7,R8.4時点適用対象物質及び裾切値一覧
89784-60-1,チオりん酸Ｏ－１－（４－クロロフェニル）－４－ピラゾリル－Ｏ－エチル－Ｓ－プロピル（別名ピラクロホス）,"77458-01-6,89784-60-1",R8.4時点適用対象物質及び裾切値一覧
90-00-6,２－エチルフェノール,90-00-6,R8.4時点適用対象物質及び裾切値一覧
90-02-8,サリチルアルデヒド,90-02-8,R8.4時点適用対象物質及び裾切値一覧
90-04-0,オルト－アニシジン及びその塩酸塩,"90-04-0,134-29-2",R8.4時点適用対象物質及び裾切値一覧
90-05-1,２－メトキシフェノール,90-05-1,R8.4時点適用対象物質及び裾切値一覧
90-12-0,メチルナフタレン,"90-12-0,91-57-6",R8.4時点適用対象物質及び裾切値一覧
90-13-1,１－クロロナフタレン,90-13-1,R8.4時点適用対象物質及び裾切値一覧
90-15-3,１－ナフトール,90-15-3,R8.4時点適用対象物質及び裾切値一覧
90-30-2,１－（Ｎ－フェニルアミノ）ナフタレン,90-30-2,R8.4時点適用対象物質及び裾切値一覧
90-41-5,［１，１’－ビフェニル］－２－アミン,90-41-5,R8.4時点適用対象物質及び裾切値一覧
90-43-7,２－フェニルフェノール,90-43-7,R8.4時点適用対象物質及び裾切値一覧
90-72-2,２，４，６－トリス（ジメチルアミノメチル）フェノール,90-72-2,R8.4時点適用対象物質及び裾切値一覧
90-94-8,４，４’－ビス（ジメチルアミノ）ベンゾフェノン,90-94-8,R8.4時点適用対象物質及び裾切値一覧
9002-07-7,トリプシン,9002-07-7,R8.4時点適用対象物質及び裾切値一覧
9002-93-1,ポリ（オキシエチレン）＝パラ－（１，１，３，３－テトラメチルブチル）フェニルエーテル,9002-93-1,R8.4時点適用対象物質及び裾切値一覧
9003-01-4,アクリル酸重合物及びそのナトリウム塩,"9003-01-4,9003-04-7",R9.4追加等対象物質及び裾切値一覧
9003-04-7,アクリル酸重合物及びそのナトリウム塩,"9003-01-4,9003-04-7",R9.4追加等対象物質及び裾切値一覧
9004-07-3,キモトリプシン,9004-07-3,R8.4時点適用対象物質及び裾切値一覧
9004-66-4,デキストラン鉄,9004-66-4,R8.4時点適用対象物質及び裾切値一覧
9004-70-0,ニトロセルローズ,9004-70-0,R8.4時点適用対象物質及び裾切値一覧
9004-82-4,ポリ（オキシエチレン）＝ドデシルエーテル硫酸エステルナトリウム,9004-82-4,R8.4時点適用対象物質及び裾切値一覧
90076-65-6,リチウム＝ビス（トリフルオロメタンスルホン）イミド,90076-65-6,R8.4時点適用対象物質及び裾切値一覧
9014-01-1,サチライシン,"1395-21-7,9014-01-1",R8.4時点適用対象物質及び裾切値一覧
9016-45-9,ポリ（オキシエチレン）＝ノニルフェニルエーテル,9016-45-9,R8.4時点適用対象物質及び裾切値一覧
9016-87-9,アルファ－（イソシアナトベンジル）－オメガ－（イソシアナトフェニル）ポリ［（イソシアナトフェニレン）メチレン］,"9016-87-9,32055-14-4",R9.4追加等対象物質及び裾切値一覧
9036-19-5,ポリ（オキシエチレン）＝オクチルフェニルエーテル,9036-19-5,R8.4時点適用対象物質及び裾切値一覧
9056-38-6,硝酸でん粉,9056-38-6,R8.4時点適用対象物質及び裾切値一覧
91-14-5,オルトージビニルベンゼン,91-14-5,R10.4追加等対象物質及び裾切値一覧
91-15-6,オルト－フタロジニトリル,91-15-6,R8.4時点適用対象物質及び裾切値一覧
91-16-7,１，２－ジメトキシベンゼン,91-16-7,R8.4時点適用対象物質及び裾切値一覧
91-17-8,デカヒドロナフタレン,91-17-8,R8.4時点適用対象物質及び裾切値一覧
91-20-3,ナフタレン,91-20-3,R8.4時点適用対象物質及び裾切値一覧
91-22-5,キノリン及びその塩酸塩,"91-22-5,530-64-3",R8.4時点適用対象物質及び裾切値一覧
91-23-6,オルト－ニトロアニソール,91-23-6,R8.4時点適用対象物質及び裾切値一覧
91-53-2,６－エトキシ－１，２－ジヒドロ－２，２，４－トリメチルキノリン（別名エトキシキン）,91-53-2,R8.4時点適用対象物質及び裾切値一覧
91-57-6,メチルナフタレン,"90-12-0,91-57-6",R8.4時点適用対象物質及び裾切値一覧
91-60-1,２－ナフタレンチオール,91-60-1,R8.4時点適用対象物質及び裾切値一覧
91-64-5,クマリン,91-64-5,R8.4時点適用対象物質及び裾切値一覧
91-66-7,Ｎ，Ｎ－ジエチルアニリン,91-66-7,R8.4時点適用対象物質及び裾切値一覧
91-76-9,６－フェニル－１，３，５－トリアジン－２，４－ジアミン,91-76-9,R8.4時点適用対象物質及び裾切値一覧
91-94-1,ジクロルベンジジン及びその塩,91-94-1,R8.4時点適用対象物質及び裾切値一覧
91-97-4,３，３’－ジメチルビフェニル－４，４’－ジイル＝ジイソシアネート,91-97-4,R9.4追加等対象物質及び裾切値一覧
91465-08-6,ｒｅｌ－（Ｒ）－シアノ（３－フェノキシフェニル）メチル＝（１Ｓ，３Ｓ）－３－［（Ｚ）－２－クロロ－３，３，３－トリフルオロプロパ－１－エン－１－イル］－２，２－ジメチルシクロプロパンカルボキシラート,91465-08-6,R8.4時点適用対象物質及び裾切値一覧
917-61-3,シアン酸ナトリウム,917-61-3,R8.4時点適用対象物質及び裾切値一覧
919-30-2,３－アミノプロピルトリエトキシシラン,919-30-2,R8.4時点適用対象物質及び裾切値一覧
92-13-7,（３Ｓ，４Ｒ）－３－エチル－４－［（１－メチル－１Ｈ－イミダゾール－５－イル）メチル］オキソラン－２－オン（別名ピロカルピン）,92-13-7,R8.4時点適用対象物質及び裾切値一覧
92-52-4,ビフェニル,92-52-4,R8.4時点適用対象物質及び裾切値一覧
92-70-6,３－ヒドロキシ－２－ナフトエ酸,92-70-6,R8.4時点適用対象物質及び裾切値一覧
92-84-2,フェノチアジン,92-84-2,R8.4時点適用対象物質及び裾切値一覧
92-88-6,［１，１’－ビフェニル］－４，４’－ジオール,92-88-6,R8.4時点適用対象物質及び裾切値一覧
920-46-7,メタクリル酸クロリド,920-46-7,R8.4時点適用対象物質及び裾切値一覧
923-26-2,メタクリル酸２－ヒドロキシプロピル,923-26-2,R8.4時点適用対象物質及び裾切値一覧
924-16-3,Ｎ－ニトロソジブチルアミン,924-16-3,R8.4時点適用対象物質及び裾切値一覧
924-42-5,Ｎ－（ヒドロキシメチル）アクリルアミド,924-42-5,R8.4時点適用対象物質及び裾切値一覧
925-21-3,マレイン酸モノブチル,925-21-3,R9.4追加等対象物質及び裾切値一覧
927-49-1,ジペンチルケトン,927-49-1,R8.4時点適用対象物質及び裾切値一覧
928-68-7,６－メチル－２－ヘプタノン,928-68-7,R8.4時点適用対象物質及び裾切値一覧
928-96-1,（Ｚ）－３－ヘキセン－１－オール,928-96-1,R8.4時点適用対象物質及び裾切値一覧
93-05-0,Ｎ，Ｎ－ジエチル－パラ－フェニレンジアミン（別名Ｎ，Ｎ－ジエチル－１，４－ベンゼンジアミン）,93-05-0,R8.4時点適用対象物質及び裾切値一覧
93-15-2,４－アリル－１，２－ジメトキシベンゼン,93-15-2,R8.4時点適用対象物質及び裾切値一覧
93-55-0,１－フェニルプロパン－１－オン,93-55-0,R8.4時点適用対象物質及び裾切値一覧
93-58-3,安息香酸メチル,93-58-3,R8.4時点適用対象物質及び裾切値一覧
93-65-2,（ＲＳ）－２－（４－クロロ－オルト－トリルオキシ）プロピオン酸（別名メコプロップ）,93-65-2,R8.4時点適用対象物質及び裾切値一覧
93-68-5,２’－メチルアセトアセトアニリド,93-68-5,R8.4時点適用対象物質及び裾切値一覧
93-72-1,２－（２，４，５－トリクロロフェノキシ）プロピオン酸,93-72-1,R8.4時点適用対象物質及び裾切値一覧
93-76-5,２，４，５－トリクロロフェノキシ酢酸,93-76-5,R8.4時点適用対象物質及び裾切値一覧
930-37-0,２－（メトキシメチル）オキシラン,930-37-0,R8.4時点適用対象物質及び裾切値一覧
930-55-2,Ｎ－ニトロソピロリジン,930-55-2,R8.4時点適用対象物質及び裾切値一覧
94-09-7,パラ－アミノ安息香酸エチル,94-09-7,R8.4時点適用対象物質及び裾切値一覧
94-36-0,ジベンゾイルペルオキシド,94-36-0,R8.4時点適用対象物質及び裾切値一覧
94-58-6,５－プロピルベンゾ［ｄ］［１，３］ジオキソール,94-58-6,R8.4時点適用対象物質及び裾切値一覧
94-59-7,サフロール,94-59-7,R8.4時点適用対象物質及び裾切値一覧
94-68-8,Ｎ－エチル－２－メチルアニリン,94-68-8,R8.4時点適用対象物質及び裾切値一覧
94-74-6,（４－クロロ－２－メチルフェノキシ）酢酸（別名ＭＣＰ又はＭＣＰＡ）,94-74-6,R8.4時点適用対象物質及び裾切値一覧
94-75-7,２，４－ジクロロフェノキシ酢酸,94-75-7,R8.4時点適用対象物質及び裾切値一覧
94-81-5,４－（４－クロロ－２－メチルフェノキシ）ブタン酸,94-81-5,R8.4時点適用対象物質及び裾切値一覧
94-91-7,２，２’－［プロパン－１，２－ジイルビス（アザニリリデンメタニリリデン）］ジフェノール,94-91-7,R9.4追加等対象物質及び裾切値一覧
94-96-2,２－エチルヘキサン－１，３－ジオール,94-96-2,R8.4時点適用対象物質及び裾切値一覧
941-69-5,Ｎ－フェニルマレイミド,941-69-5,R8.4時点適用対象物質及び裾切値一覧
944-22-9,Ｏ－エチル－Ｓ－フェニル＝エチルホスホノチオロチオナート（別名ホノホス）,944-22-9,R8.4時点適用対象物質及び裾切値一覧
946578-00-3,［メチル（オキソ）［１－［６－（トリフルオロメチル）－３－ピリジル］エチル］－ラムダ６－スルファニリデン］シアナミド,946578-00-3,R8.4時点適用対象物質及び裾切値一覧
947-04-6,アザシクロトリデカン－２－オン,947-04-6,R8.4時点適用対象物質及び裾切値一覧
95-06-7,２－クロロアリル＝ジエチルジチオカルバマート,95-06-7,R8.4時点適用対象物質及び裾切値一覧
95-13-6,インデン,95-13-6,R8.4時点適用対象物質及び裾切値一覧
95-14-7,１Ｈ－ベンゾ［ｄ］［１，２，３］トリアゾール,95-14-7,R8.4時点適用対象物質及び裾切値一覧
95-16-9,ベンゾチアゾール,95-16-9,R8.4時点適用対象物質及び裾切値一覧
95-31-8,Ｎ－（ターシャリ－ブチル）－２－ベンゾチアゾールスルフェンアミド,95-31-8,R8.4時点適用対象物質及び裾切値一覧
95-33-0,Ｎ－シクロヘキシル－２－ベンゾチアゾールスルフェンアミド,95-33-0,R8.4時点適用対象物質及び裾切値一覧
95-38-5,２－（２－（ヘプタデカ－８－エン－１－イル）－４，５－ジヒドロ－１Ｈ－イミダゾール－１－イル）エタノール,95-38-5,R9.4追加等対象物質及び裾切値一覧
95-46-5,オルト－ブロモトルエン,95-46-5,R8.4時点適用対象物質及び裾切値一覧
95-47-6,キシレン,"1330-20-7,95-47-6,108-38-3,106-42-3",R8.4時点適用対象物質及び裾切値一覧
95-48-7,クレゾール,"1319-77-3,95-48-7,108-39-4,106-44-5",R8.4時点適用対象物質及び裾切値一覧
95-49-8,オルト－クロロトルエン,95-49-8,R8.4時点適用対象物質及び裾切値一覧
95-50-1,ジクロロベンゼン（パラ－ジクロロベンゼンを除く。）,"95-50-1,541-73-1",R8.4時点適用対象物質及び裾切値一覧
95-51-2,２－クロロアニリン,95-51-2,R8.4時点適用対象物質及び裾切値一覧
95-53-4,トルイジン,"26915-12-8,95-53-4,108-44-1,106-49-0",R8.4時点適用対象物質及び裾切値一覧
95-54-5,フェニレンジアミン,"108-45-2,106-50-3,95-54-5",R8.4時点適用対象物質及び裾切値一覧
95-55-6,オルト－アミノフェノール,95-55-6,R8.4時点適用対象物質及び裾切値一覧
95-56-7,オルト－ブロモフェノール,95-56-7,R8.4時点適用対象物質及び裾切値一覧
95-57-8,クロロフェノール,"25167-80-0,95-57-8,108-43-0,106-48-9",R8.4時点適用対象物質及び裾切値一覧
95-63-6,トリメチルベンゼン,"25551-13-7,108-67-8,95-63-6,526-73-8",R8.4時点適用対象物質及び裾切値一覧
95-64-7,キシリジン,"1300-73-8,87-59-2,95-68-1,95-78-3,87-62-7,95-64-7,108-69-0",R8.4時点適用対象物質及び裾切値一覧
95-65-8,３，４－キシレノール,95-65-8,R8.4時点適用対象物質及び裾切値一覧
95-68-1,キシリジン,"1300-73-8,87-59-2,95-68-1,95-78-3,87-62-7,95-64-7,108-69-0",R8.4時点適用対象物質及び裾切値一覧
95-69-2,４－クロロ－２－メチルアニリン及びその塩酸塩,"95-69-2,3165-93-3",R8.4時点適用対象物質及び裾切値一覧
95-70-5,トルエンジアミン,"25376-45-8,95-70-5,823-40-5",R8.4時点適用対象物質及び裾切値一覧
95-73-8,２，４－ジクロロトルエン,95-73-8,R8.4時点適用対象物質及び裾切値一覧
95-75-0,３，４－ジクロロトルエン,95-75-0,R8.4時点適用対象物質及び裾切値一覧
95-76-1,３，４－ジクロロアニリン,95-76-1,R8.4時点適用対象物質及び裾切値一覧
95-77-2,３，４－ジクロロフェノール,95-77-2,R8.4時点適用対象物質及び裾切値一覧
95-78-3,キシリジン,"1300-73-8,87-59-2,95-68-1,95-78-3,87-62-7,95-64-7,108-69-0",R8.4時点適用対象物質及び裾切値一覧
95-80-7,２，４－ジアミノトルエン,95-80-7,R8.4時点適用対象物質及び裾切値一覧
95-82-9,２，５－ジクロロアニリン,95-82-9,R8.4時点適用対象物質及び裾切値一覧
95-83-0,４－クロロ－オルト－フェニレンジアミン,95-83-0,R8.4時点適用対象物質及び裾切値一覧
95-85-2,２－アミノ－４－クロロフェノール,95-85-2,R8.4時点適用対象物質及び裾切値一覧
95-87-4,２，５－キシレノール,95-87-4,R8.4時点適用対象物質及び裾切値一覧
95-92-1,しゆう酸ジエチル,95-92-1,R8.4時点適用対象物質及び裾切値一覧
95-94-3,１，２，４，５－テトラクロロベンゼン,95-94-3,R8.4時点適用対象物質及び裾切値一覧
95-95-4,２，４，５－トリクロロフェノール,95-95-4,R8.4時点適用対象物質及び裾切値一覧
950-37-8,ジチオりん酸Ｓ－（２，３－ジヒドロ－５－メトキシ－２－オキソ－１，３，４－チアジアゾール－３－イル）メチル－Ｏ，Ｏ－ジメチル（別名メチダチオン又はＤＭＴＰ）,950-37-8,R8.4時点適用対象物質及び裾切値一覧
95465-99-9,Ｓ，Ｓ－ビス（１－メチルプロピル）＝Ｏ－エチル＝ホスホロジチオアート（別名カズサホス）,95465-99-9,R8.4時点適用対象物質及び裾切値一覧
96-05-9,メタクリル酸アリル,96-05-9,R8.4時点適用対象物質及び裾切値一覧
96-09-3,フェニルオキシラン,96-09-3,R8.4時点適用対象物質及び裾切値一覧
96-12-8,１，２－ジブロモ－３－クロロプロパン,96-12-8,R8.4時点適用対象物質及び裾切値一覧
96-13-9,２，３－ジブロモ－１－プロパノール,96-13-9,R8.4時点適用対象物質及び裾切値一覧
96-17-3,２－メチルブタナール,96-17-3,R8.4時点適用対象物質及び裾切値一覧
96-18-4,１，２，３－トリクロロプロパン,96-18-4,R8.4時点適用対象物質及び裾切値一覧
96-22-0,ジエチルケトン,96-22-0,R8.4時点適用対象物質及び裾切値一覧
96-23-1,１，３－ジクロロプロパン－２－オール,96-23-1,R8.4時点適用対象物質及び裾切値一覧
96-24-2,３－クロロ－１，２－プロパンジオール,96-24-2,R8.4時点適用対象物質及び裾切値一覧
96-29-7,ブタン－２－オン＝オキシム,96-29-7,R8.4時点適用対象物質及び裾切値一覧
96-31-1,１，３－ジメチル尿素,96-31-1,R8.4時点適用対象物質及び裾切値一覧
96-33-3,アクリル酸メチル,96-33-3,R8.4時点適用対象物質及び裾切値一覧
96-34-4,クロロ酢酸メチル,96-34-4,R8.4時点適用対象物質及び裾切値一覧
96-41-3,シクロペンタノール,96-41-3,R8.4時点適用対象物質及び裾切値一覧
96-45-7,２－イミダゾリジンチオン,96-45-7,R8.4時点適用対象物質及び裾切値一覧
96-48-0,ガンマ－ブチロラクトン,96-48-0,R8.4時点適用対象物質及び裾切値一覧
96-69-5,４，４’－チオビス（６－ターシャリ－ブチル－３－メチルフェノール）,96-69-5,R8.4時点適用対象物質及び裾切値一覧
96-76-4,２，４－ジ－ターシャリ－ブチルフェノール,96-76-4,R8.4時点適用対象物質及び裾切値一覧
96-91-3,２－アミノ－４，６－ジニトロフェノール,96-91-3,R8.4時点適用対象物質及び裾切値一覧
96489-71-3,２－ターシャリ－ブチル－５－（４－ターシャリ－ブチルベンジルチオ）－４－クロロ－３（２Ｈ）－ピリダジノン（別名ピリダベン）,96489-71-3,R8.4時点適用対象物質及び裾切値一覧
96491-05-3,２－クロロ－Ｎ－（３－メトキシ－２－チエニルメチル）－２’，６’－ジメチルアセトアニリド,96491-05-3,R8.4時点適用対象物質及び裾切値一覧
97-00-7,１－クロロ－２，４－ジニトロベンゼン,97-00-7,R8.4時点適用対象物質及び裾切値一覧
97-02-9,２，４－ジニトロアニリン,97-02-9,R8.4時点適用対象物質及び裾切値一覧
97-17-6,チオりん酸Ｏ－２，４－ジクロロフェニル－Ｏ，Ｏ－ジエチル,97-17-6,R8.4時点適用対象物質及び裾切値一覧
97-23-4,２，２’－メチレンビス（４－クロロフェノール）（別名ジクロロフェン）,97-23-4,R8.4時点適用対象物質及び裾切値一覧
97-36-9,２’，４’－ジメチルアセトアセトアニリド,97-36-9,R8.4時点適用対象物質及び裾切値一覧
97-39-2,ジ－オルト－トリルグアニジン,97-39-2,R8.4時点適用対象物質及び裾切値一覧
97-52-9,２－メトキシ－４－ニトロアニリン,97-52-9,R8.4時点適用対象物質及び裾切値一覧
97-53-0,４－アリル－２－メトキシフェノール（別名オイゲノール）,97-53-0,R8.4時点適用対象物質及び裾切値一覧
97-54-1,２－メトキシ－４－（１－プロペニル）フェノール（別名イソオイゲノール）,97-54-1,R8.4時点適用対象物質及び裾切値一覧
97-56-3,２－メチル－４－（２－トリルアゾ）アニリン,97-56-3,R8.4時点適用対象物質及び裾切値一覧
97-62-1,２－メチルプロパン酸エチル,97-62-1,R8.4時点適用対象物質及び裾切値一覧
97-63-2,メタクリル酸エチル,97-63-2,R8.4時点適用対象物質及び裾切値一覧
97-64-3,乳酸エチル,97-64-3,R8.4時点適用対象物質及び裾切値一覧
97-65-4,２－メチリデンブタン二酸（別名メチレンコハク酸）,97-65-4,R8.4時点適用対象物質及び裾切値一覧
97-72-3,無水イソ酪酸,97-72-3,R8.4時点適用対象物質及び裾切値一覧
97-74-5,テトラメチルチウラムモノスルフィド,97-74-5,R8.4時点適用対象物質及び裾切値一覧
97-77-8,テトラエチルチウラムジスルフィド（別名ジスルフィラム）,97-77-8,R8.4時点適用対象物質及び裾切値一覧
97-85-8,２－メチルプロパン酸２－メチルプロピル,97-85-8,R8.4時点適用対象物質及び裾切値一覧
97-86-9,メタクリル酸２－メチルプロピル,97-86-9,R8.4時点適用対象物質及び裾切値一覧
97-88-1,メタクリル酸ブチル,97-88-1,R8.4時点適用対象物質及び裾切値一覧
97-90-5,エチレンジメタクリラート,97-90-5,R8.4時点適用対象物質及び裾切値一覧
97-94-9,トリエチルボラン,97-94-9,R8.4時点適用対象物質及び裾切値一覧
97-99-4,（テトラヒドロフラン－２－イル）メタノール,97-99-4,R8.4時点適用対象物質及び裾切値一覧
97240-79-4,２，３：４，５－ジ－Ｏ－イソプロピリデン－１－Ｏ－スルファモイル－ベータ－Ｄ－フルクトピラノース,97240-79-4,R8.4時点適用対象物質及び裾切値一覧
97593-00-5,アルケン（炭素数が７から９までのものであつて分枝型のもの及びその混合物に限る。）,97593-00-5,R9.4追加等対象物質及び裾切値一覧
97886-45-8,Ｓ，Ｓ’－ジメチル＝２－ジフルオロメチル－４－イソブチル－６－トリフルオロメチルピリジン－３，５－ジカルボチオアート（別名ジチオピル）,97886-45-8,R9.4追加等対象物質及び裾切値一覧
98-00-0,フルフリルアルコール,98-00-0,R8.4時点適用対象物質及び裾切値一覧
98-01-1,フルフラール,98-01-1,R8.4時点適用対象物質及び裾切値一覧
98-02-2,フラン－２－イルメタンチオール,98-02-2,R8.4時点適用対象物質及び裾切値一覧
98-06-6,ターシャリ－ブチルベンゼン,98-06-6,R8.4時点適用対象物質及び裾切値一覧
98-07-7,ベンゾトリクロリド,98-07-7,R8.4時点適用対象物質及び裾切値一覧
98-08-8,（トリフルオロメチル）ベンゼン,98-08-8,R8.4時点適用対象物質及び裾切値一覧
98-09-9,塩化ベンゼンスルホニル,98-09-9,R8.4時点適用対象物質及び裾切値一覧
98-10-2,ベンゼンスルホンアミド,98-10-2,R8.4時点適用対象物質及び裾切値一覧
98-11-3,ベンゼンスルホン酸,98-11-3,R8.4時点適用対象物質及び裾切値一覧
98-13-5,トリクロロ（フェニル）シラン,98-13-5,R8.4時点適用対象物質及び裾切値一覧
98-29-3,４－（ターシャリ－ブチル）ベンゼン－１，２－ジオール,98-29-3,R8.4時点適用対象物質及び裾切値一覧
98-51-1,パラ－ターシャリ－ブチルトルエン,98-51-1,R8.4時点適用対象物質及び裾切値一覧
98-54-4,４－ターシャリ－ブチルフェノール,98-54-4,R8.4時点適用対象物質及び裾切値一覧
98-56-6,パラ－クロロ－アルファ，アルファ，アルファ－トリフルオロトルエン,98-56-6,R8.4時点適用対象物質及び裾切値一覧
98-73-7,パラ－ターシャリ－ブチル安息香酸,98-73-7,R8.4時点適用対象物質及び裾切値一覧
98-82-8,クメン,98-82-8,R8.4時点適用対象物質及び裾切値一覧
98-83-9,アルファ－メチルスチレン,98-83-9,R8.4時点適用対象物質及び裾切値一覧
98-84-0,１－フェニルエチルアミン,98-84-0,R8.4時点適用対象物質及び裾切値一覧
98-86-2,アセトフェノン,98-86-2,R8.4時点適用対象物質及び裾切値一覧
98-87-3,アルファ，アルファ－ジクロロトルエン,98-87-3,R8.4時点適用対象物質及び裾切値一覧
98-88-4,塩化ベンゾイル,98-88-4,R8.4時点適用対象物質及び裾切値一覧
98-94-2,Ｎ，Ｎ－ジメチルシクロヘキシルアミン,98-94-2,R8.4時点適用対象物質及び裾切値一覧
98-95-3,ニトロベンゼン,98-95-3,R8.4時点適用対象物質及び裾切値一覧
98886-44-3,Ｏ－エチル＝Ｓ－１－メチルプロピル＝（２－オキソ－３－チアゾリジニル）ホスホノチオアート（別名ホスチアゼート）,98886-44-3,R8.4時点適用対象物質及び裾切値一覧
989-38-8,９－［２－（エトキシカルボニル）フェニル］－３，６－ビス（エチルアミノ）－２，７－ジメチルキサンチリウム＝クロリド,989-38-8,R9.4追加等対象物質及び裾切値一覧
99-08-1,３－ニトロトルエン,99-08-1,R8.4時点適用対象物質及び裾切値一覧
99-09-2,メタ－ニトロアニリン,99-09-2,R8.4時点適用対象物質及び裾切値一覧
99-35-4,トリニトロベンゼン,99-35-4,R8.4時点適用対象物質及び裾切値一覧
99-54-7,１，２－ジクロロ－４－ニトロベンゼン,99-54-7,R8.4時点適用対象物質及び裾切値一覧
99-55-8,２－メチル－５－ニトロアニリン,99-55-8,R8.4時点適用対象物質及び裾切値一覧
99-62-7,ジイソプロピルベンゼン,"25321-09-9,99-62-7,100-18-5",R8.4時点適用対象物質及び裾切値一覧
99-63-8,イソフタロイル＝ジクロリド,99-63-8,R8.4時点適用対象物質及び裾切値一覧
99-66-1,２－プロピル吉草酸,99-66-1,R8.4時点適用対象物質及び裾切値一覧
99-71-8,パラ－セカンダリ－ブチルフェノール,99-71-8,R8.4時点適用対象物質及び裾切値一覧
99-76-3,４－ヒドロキシ安息香酸メチル,99-76-3,R9.4追加等対象物質及び裾切値一覧
99-82-1,１－イソプロピル－４－メチルシクロヘキサン,99-82-1,R8.4時点適用対象物質及び裾切値一覧
99-86-5,１－メチル－４－（プロパン－２－イル）シクロヘキサ－１，３－ジエン,99-86-5,R9.4追加等対象物質及び裾切値一覧
99-87-6,パラ－シメン,99-87-6,R8.4時点適用対象物質及び裾切値一覧
99-88-7,４－イソプロピルアニリン,99-88-7,R8.4時点適用対象物質及び裾切値一覧
99-91-2,パラ－クロロアセトフェノン,99-91-2,R8.4時点適用対象物質及び裾切値一覧
99-97-8,Ｎ，Ｎ－ジメチル－パラ－トルイジン,99-97-8,R8.4時点適用対象物質及び裾切値一覧
99-99-0,４－ニトロトルエン,99-99-0,R8.4時点適用対象物質及び裾切値一覧
994-05-8,２－メトキシ－２－メチルブタン（別名ターシャリ－アミルメチルエーテル）,994-05-8,R8.4時点適用対象物質及び裾切値一覧
99485-76-4,１－（２－クロロベンジル）－３－（１－メチル－１－フェニルエチル）尿素（別名クミルロン）,99485-76-4,R8.4時点適用対象物質及び裾切値一覧
998-40-3,トリブチルホスフィン,998-40-3,R8.4時点適用対象物質及び裾切値一覧
999-61-1,アクリル酸２－ヒドロキシプロピル,999-61-1,R8.4時点適用対象物質及び裾切値一覧
999-81-5,（２－クロロエチル）トリメチルアンモニウム＝クロリド,999-81-5,R8.4時点適用対象物質及び裾切値一覧
999-97-3,ヘキサメチルジシラザン,999-97-3,R8.4時点適用対象物質及び裾切値一覧
